Date,Route,Total Passengers,Economy Passengers,Business Passengers,First Class Passengers,Flight Delays,Cancellations,Avg Ticket Price (USD),Total Revenue (USD)
2015-01-01,JFK-LAX,28654,23481,3391,1782,81,21,235.81,6756899.74
2015-01-01,LAX-ORD,21850,15622,3188,3040,382,36,228.58,4994473.0
2015-01-01,ATL-DEN,13322,9366,2624,1332,423,38,150.43,2004028.46
2015-01-01,DFW-MIA,10051,7312,1310,1429,31,44,162.68,1635096.68
2015-01-01,SEA-BOS,13666,10820,1557,1289,485,16,278.02,3799421.32
2015-01-01,SFO-JFK,24118,19119,3334,1665,253,3,622.97,15024790.46
2015-01-01,ORD-DFW,13838,10040,1473,2325,397,25,681.1,9425061.8
2015-01-01,LAX-SFO,13433,10179,1364,1890,395,20,282.56,3795628.48
2015-01-01,MIA-ORD,28483,20459,4258,3766,440,35,650.13,18517652.79
2015-01-01,DEN-ATL,6585,5263,863,459,399,42,462.24,3043850.4
2015-02-01,JFK-LAX,14692,12421,2608,-337,171,10,642.16,9434614.72
2015-02-01,LAX-ORD,16534,11793,1977,2764,199,40,614.49,10159977.66
2015-02-01,ATL-DEN,29300,21702,5358,2240,419,25,304.51,8922143.0
2015-02-01,DFW-MIA,13571,10061,1759,1751,310,1,158.6,2152360.6
2015-02-01,SEA-BOS,7568,6174,907,487,481,11,259.36,1962836.48
2015-02-01,SFO-JFK,5391,4363,954,74,270,42,347.16,1871539.56
2015-02-01,ORD-DFW,11184,9363,2069,-248,277,34,202.48,2264536.32
2015-02-01,LAX-SFO,7454,5965,1241,248,181,40,301.1,2244399.4
2015-02-01,MIA-ORD,14762,11379,1652,1731,471,3,568.43,8391163.66
2015-02-01,DEN-ATL,28769,21156,3613,4000,292,9,540.86,15560001.34
2015-03-01,JFK-LAX,27361,19257,3031,5073,72,32,500.03,13681320.83
2015-03-01,LAX-ORD,13755,10790,2332,633,494,23,482.43,6635824.65
2015-03-01,ATL-DEN,6678,5431,820,427,169,7,309.36,2065906.08
2015-03-01,DFW-MIA,24541,20419,3986,136,71,6,401.09,9843149.69
2015-03-01,SEA-BOS,18931,13781,3582,1568,340,28,345.96,6549368.76
2015-03-01,SFO-JFK,28776,21317,4741,2718,130,13,623.4,17938958.4
2015-03-01,ORD-DFW,12526,9077,1921,1528,327,37,530.84,6649301.84
2015-03-01,LAX-SFO,18545,13920,3603,1022,383,32,435.33,8073194.85
2015-03-01,MIA-ORD,8304,6315,884,1105,451,12,288.48,2395537.92
2015-03-01,DEN-ATL,16649,13433,1911,1305,449,17,296.73,4940257.77
2015-04-01,JFK-LAX,9737,7416,1005,1316,233,33,498.89,4857691.93
2015-04-01,LAX-ORD,18949,13676,2822,2451,169,6,283.13,5365030.37
2015-04-01,ATL-DEN,9931,7072,1360,1499,410,38,352.28,3498492.68
2015-04-01,DFW-MIA,24315,20607,3401,307,249,16,609.42,14818047.3
2015-04-01,SEA-BOS,14339,11130,2431,778,268,20,329.28,4721545.92
2015-04-01,SFO-JFK,19243,13517,2909,2817,156,20,504.85,9714828.55
2015-04-01,ORD-DFW,23227,19535,3246,446,48,18,610.74,14185657.98
2015-04-01,LAX-SFO,6802,5109,757,936,160,31,632.54,4302537.08
2015-04-01,MIA-ORD,21646,17295,3933,418,69,49,283.02,6126250.92
2015-04-01,DEN-ATL,10423,8805,1624,-6,169,9,303.38,3162129.74
2015-05-01,JFK-LAX,14874,12031,2821,22,161,33,503.12,7483406.88
2015-05-01,LAX-ORD,17874,15020,3191,-337,113,20,469.38,8389698.12
2015-05-01,ATL-DEN,7557,6355,1491,-289,411,46,451.8,3414252.6
2015-05-01,DFW-MIA,7869,6037,1569,263,493,33,159.94,1258567.86
2015-05-01,SEA-BOS,25877,19376,4519,1982,393,8,617.07,15967920.39
2015-05-01,SFO-JFK,25880,19311,3992,2577,452,22,295.86,7656856.8
2015-05-01,ORD-DFW,11893,9377,2353,163,60,8,497.13,5912367.09
2015-05-01,LAX-SFO,21609,16261,3554,1794,376,33,257.38,5561724.42
2015-05-01,MIA-ORD,12996,10070,2042,884,201,49,173.98,2261044.08
2015-05-01,DEN-ATL,28723,24158,5612,-1047,382,6,353.59,10156165.57
2015-06-01,JFK-LAX,6060,5085,865,110,190,31,679.99,4120739.4
2015-06-01,LAX-ORD,26472,18829,3456,4187,425,23,297.66,7879655.52
2015-06-01,ATL-DEN,24778,17974,3857,2947,232,3,463.53,11485346.34
2015-06-01,DFW-MIA,8863,6481,1481,901,160,2,289.79,2568408.77
2015-06-01,SEA-BOS,15729,13080,2738,-89,426,9,536.37,8436563.73
2015-06-01,SFO-JFK,12343,9663,1600,1080,35,35,290.91,3590702.13
2015-06-01,ORD-DFW,15647,13096,2364,187,322,36,589.06,9217021.82
2015-06-01,LAX-SFO,7368,5236,1029,1103,151,12,637.64,4698131.52
2015-06-01,MIA-ORD,18403,14480,2647,1276,456,22,330.48,6081823.44
2015-06-01,DEN-ATL,25153,19654,3236,2263,323,22,287.64,7235008.92
2015-07-01,JFK-LAX,9777,8050,1329,398,453,37,437.23,4274797.71
2015-07-01,LAX-ORD,24508,18153,4816,1539,112,4,613.11,15026099.88
2015-07-01,ATL-DEN,28411,21640,4828,1943,433,16,686.72,19510401.92
2015-07-01,DFW-MIA,22019,17773,2292,1954,129,19,391.43,8618897.17
2015-07-01,SEA-BOS,19262,14208,2281,2773,327,23,385.57,7426849.34
2015-07-01,SFO-JFK,6931,5276,813,842,10,47,287.63,1993563.53
2015-07-01,ORD-DFW,12805,9143,1514,2148,246,1,675.18,8645679.9
2015-07-01,LAX-SFO,25454,20326,3654,1474,358,3,286.25,7286207.5
2015-07-01,MIA-ORD,6679,4834,748,1097,294,14,200.49,1339072.71
2015-07-01,DEN-ATL,16310,11516,3026,1768,462,12,159.44,2600466.4
2015-08-01,JFK-LAX,28001,21665,4125,2211,298,30,507.38,14207147.38
2015-08-01,LAX-ORD,10881,8621,1779,481,299,31,158.42,1723768.02
2015-08-01,ATL-DEN,16922,13122,3141,659,334,45,239.61,4054680.42
2015-08-01,DFW-MIA,24223,20385,4709,-871,485,32,667.13,16159889.99
2015-08-01,SEA-BOS,23071,18493,3629,949,42,33,596.16,13754007.36
2015-08-01,SFO-JFK,27116,21527,4936,653,177,10,263.68,7149946.88
2015-08-01,ORD-DFW,25764,18302,2836,4626,395,35,335.1,8633516.4
2015-08-01,LAX-SFO,28132,23257,2878,1997,427,41,422.82,11894772.24
2015-08-01,MIA-ORD,22209,17867,3617,725,422,36,379.87,8436532.83
2015-08-01,DEN-ATL,28548,21191,3361,3996,466,24,593.76,16950660.48
2015-09-01,JFK-LAX,21048,17043,2373,1632,496,32,337.44,7102437.12
2015-09-01,LAX-ORD,12357,9691,1530,1136,192,13,556.95,6882231.15
2015-09-01,ATL-DEN,7914,5662,1505,747,71,20,604.55,4784408.7
2015-09-01,DFW-MIA,22749,16939,2502,3308,109,12,677.2,15405622.8
2015-09-01,SEA-BOS,29466,21029,3887,4550,215,31,672.83,19825608.78
2015-09-01,SFO-JFK,26330,20378,2852,3100,78,35,481.34,12673682.2
2015-09-01,ORD-DFW,16130,11805,3139,1186,153,39,200.16,3228580.8
2015-09-01,LAX-SFO,26545,22460,5298,-1213,131,5,555.37,14742296.65
2015-09-01,MIA-ORD,13924,10479,1555,1890,85,9,568.83,7920388.92
2015-09-01,DEN-ATL,7539,6257,1386,-104,183,13,272.42,2053774.38
2015-10-01,JFK-LAX,28322,22825,3062,2435,174,38,692.65,19617233.3
2015-10-01,LAX-ORD,18807,15599,3536,-328,154,7,692.3,13020086.1
2015-10-01,ATL-DEN,8141,6563,1206,372,373,39,383.32,3120608.12
2015-10-01,DFW-MIA,27361,20508,3924,2929,182,13,372.86,10201822.46
2015-10-01,SEA-BOS,8709,6169,974,1566,326,41,559.32,4871117.88
2015-10-01,SFO-JFK,11530,9079,2262,189,200,49,195.59,2255152.7
2015-10-01,ORD-DFW,22312,16366,4380,1566,53,45,683.43,15248690.16
2015-10-01,LAX-SFO,6852,5128,714,1010,222,11,655.51,4491554.52
2015-10-01,MIA-ORD,18843,13403,2197,3243,314,14,311.97,5878450.71
2015-10-01,DEN-ATL,24968,19827,3955,1186,153,23,175.0,4369400.0
2015-11-01,JFK-LAX,18323,15461,1938,924,367,12,208.72,3824376.56
2015-11-01,LAX-ORD,25852,19172,3071,3609,99,8,344.34,8901877.68
2015-11-01,ATL-DEN,5539,3941,1093,505,201,27,533.99,2957770.61
2015-11-01,DFW-MIA,12312,9135,1737,1440,470,28,299.03,3681657.36
2015-11-01,SEA-BOS,6581,4681,1277,623,380,5,487.38,3207447.78
2015-11-01,SFO-JFK,5009,4207,934,-132,374,5,164.5,823980.5
2015-11-01,ORD-DFW,7193,6100,827,266,350,26,359.49,2585811.57
2015-11-01,LAX-SFO,25309,20864,3971,474,426,34,170.25,4308857.25
2015-11-01,MIA-ORD,13702,10153,1447,2102,15,28,597.1,8181464.2
2015-11-01,DEN-ATL,14860,12623,2311,-74,494,37,566.39,8416555.4
2015-12-01,JFK-LAX,25562,18841,3707,3014,375,1,674.73,17247448.26
2015-12-01,LAX-ORD,22100,16156,4150,1794,497,32,175.79,3884959.0
2015-12-01,ATL-DEN,19430,13931,3247,2252,171,3,436.09,8473228.7
2015-12-01,DFW-MIA,9363,7700,1842,-179,487,30,585.5,5482036.5
2015-12-01,SEA-BOS,27928,20111,2873,4944,216,37,491.17,13717395.76
2015-12-01,SFO-JFK,9673,7939,1840,-106,201,34,342.82,3316097.86
2015-12-01,ORD-DFW,27625,21975,4295,1355,444,34,341.54,9435042.5
2015-12-01,LAX-SFO,25645,19686,4899,1060,39,42,624.3,16010173.5
2015-12-01,MIA-ORD,23564,19310,3438,816,410,10,572.9,13499815.6
2015-12-01,DEN-ATL,27355,21032,5416,907,62,2,330.81,9049307.55
2016-01-01,JFK-LAX,8818,6939,1182,697,120,23,220.43,1943751.74
2016-01-01,LAX-ORD,11238,8541,1907,790,397,40,533.08,5990753.04
2016-01-01,ATL-DEN,13472,11242,1985,245,102,32,244.78,3297676.16
2016-01-01,DFW-MIA,28161,20658,5130,2373,475,28,341.19,9608251.59
2016-01-01,SEA-BOS,28061,20016,3144,4901,242,12,263.48,7393512.28
2016-01-01,SFO-JFK,23977,17246,3189,3542,420,9,200.76,4813622.52
2016-01-01,ORD-DFW,27574,21898,2982,2694,359,43,656.48,18101779.52
2016-01-01,LAX-SFO,25028,17529,4675,2824,17,49,478.5,11975898.0
2016-01-01,MIA-ORD,27195,19890,3726,3579,223,14,490.04,13326637.8
2016-01-01,DEN-ATL,13150,10252,2262,636,163,14,231.26,3041069.0
2016-02-01,JFK-LAX,10126,8131,1867,128,372,47,166.76,1688611.76
2016-02-01,LAX-ORD,24729,18969,3790,1970,24,25,555.57,13738690.53
2016-02-01,ATL-DEN,15267,10732,2018,2517,240,22,330.12,5039942.04
2016-02-01,DFW-MIA,20147,14807,2705,2635,34,4,345.31,6956960.57
2016-02-01,SEA-BOS,21616,16747,2349,2520,120,22,472.76,10219180.16
2016-02-01,SFO-JFK,12943,10198,2024,721,51,41,335.6,4343670.8
2016-02-01,ORD-DFW,24123,19223,3789,1111,449,45,331.69,8001357.87
2016-02-01,LAX-SFO,22844,16339,2633,3872,121,4,617.95,14116449.8
2016-02-01,MIA-ORD,24901,18495,2921,3485,320,9,194.13,4834031.13
2016-02-01,DEN-ATL,29818,20954,5059,3805,417,31,643.14,19177148.52
2016-03-01,JFK-LAX,13659,11547,2548,-436,143,49,419.91,5735550.69
2016-03-01,LAX-ORD,19309,15452,3725,132,344,11,464.39,8966906.51
2016-03-01,ATL-DEN,18746,15480,2259,1007,419,4,383.99,7198276.54
2016-03-01,DFW-MIA,21608,17511,3305,792,10,26,572.28,12365826.24
2016-03-01,SEA-BOS,14765,11622,1704,1439,365,13,442.92,6539713.8
2016-03-01,SFO-JFK,25128,18981,3654,2493,270,23,451.91,11355594.48
2016-03-01,ORD-DFW,12041,9010,2179,852,330,37,151.49,1824091.09
2016-03-01,LAX-SFO,24208,19108,3562,1538,428,30,208.68,5051725.44
2016-03-01,MIA-ORD,22988,18955,4517,-484,343,11,666.09,15312076.92
2016-03-01,DEN-ATL,24019,18179,4627,1213,329,22,176.45,4238152.55
2016-04-01,JFK-LAX,26852,19359,4820,2673,279,30,603.82,16213774.64
2016-04-01,LAX-ORD,20524,16874,3417,233,419,4,323.91,6647928.84
2016-04-01,ATL-DEN,22449,17035,4078,1336,304,40,357.32,8021476.68
2016-04-01,DFW-MIA,16954,13454,2610,890,72,15,467.62,7928029.48
2016-04-01,SEA-BOS,7192,6004,995,193,471,40,275.96,1984704.32
2016-04-01,SFO-JFK,16302,11697,3162,1443,400,8,531.54,8665165.08
2016-04-01,ORD-DFW,29051,23795,4706,550,487,39,465.23,13515396.73
2016-04-01,LAX-SFO,23588,17048,3094,3446,494,27,559.17,13189701.96
2016-04-01,MIA-ORD,10373,7579,1777,1017,14,10,338.14,3507526.22
2016-04-01,DEN-ATL,27412,19643,5061,2708,225,15,588.51,16132236.12
2016-05-01,JFK-LAX,19382,14756,3434,1192,420,31,479.14,9286691.48
2016-05-01,LAX-ORD,15147,11835,1896,1416,78,20,249.88,3784932.36
2016-05-01,ATL-DEN,19153,14391,2350,2412,32,47,308.36,5906019.08
2016-05-01,DFW-MIA,29938,21645,4748,3545,455,18,486.3,14558849.4
2016-05-01,SEA-BOS,29174,23599,4647,928,365,48,533.16,15554409.84
2016-05-01,SFO-JFK,25260,20361,2911,1988,101,31,483.69,12218009.4
2016-05-01,ORD-DFW,26493,18852,2925,4716,306,22,650.88,17243763.84
2016-05-01,LAX-SFO,6792,4869,1348,575,119,36,218.56,1484459.52
2016-05-01,MIA-ORD,24256,18187,3181,2888,380,40,484.34,11748151.04
2016-05-01,DEN-ATL,16694,11822,2228,2644,445,26,333.42,5566113.48
2016-06-01,JFK-LAX,21920,18183,4215,-478,400,18,414.46,9084963.2
2016-06-01,LAX-ORD,27874,21402,3413,3059,373,24,467.7,13036669.8
2016-06-01,ATL-DEN,10299,7856,1972,471,186,29,469.32,4833526.68
2016-06-01,DFW-MIA,9757,7152,1183,1422,58,7,686.55,6698668.35
2016-06-01,SEA-BOS,24816,17924,3510,3382,485,40,426.21,10576827.36
2016-06-01,SFO-JFK,14984,11185,2093,1706,444,19,342.16,5126925.44
2016-06-01,ORD-DFW,7717,5622,799,1296,295,16,460.66,3554913.22
2016-06-01,LAX-SFO,23449,17448,4019,1982,203,28,414.6,9721955.4
2016-06-01,MIA-ORD,16485,12923,1904,1658,394,8,623.98,10286310.3
2016-06-01,DEN-ATL,13038,10599,1658,781,476,46,439.62,5731765.56
2016-07-01,JFK-LAX,19422,16447,3573,-598,400,29,374.39,7271402.58
2016-07-01,LAX-ORD,17600,12906,2166,2528,452,8,207.26,3647776.0
2016-07-01,ATL-DEN,24694,19395,4660,639,101,47,546.45,13494036.3
2016-07-01,DFW-MIA,12970,9552,2233,1185,129,46,606.62,7867861.4
2016-07-01,SEA-BOS,25931,21825,2958,1148,407,31,328.19,8510294.89
2016-07-01,SFO-JFK,19289,13539,2093,3657,160,21,164.59,3174776.51
2016-07-01,ORD-DFW,8452,7027,1388,37,91,2,650.84,5500899.68
2016-07-01,LAX-SFO,28236,21212,3556,3468,395,3,474.66,13402499.76
2016-07-01,MIA-ORD,25875,21336,3480,1059,265,30,349.52,9043830.0
2016-07-01,DEN-ATL,12083,8855,2385,843,373,24,212.83,2571624.89
2016-08-01,JFK-LAX,20517,15861,3887,769,137,32,383.87,7875860.79
2016-08-01,LAX-ORD,8186,6359,1425,402,459,45,371.4,3040280.4
2016-08-01,ATL-DEN,28752,20727,5275,2750,13,26,439.13,12625865.76
2016-08-01,DFW-MIA,16372,13157,2755,460,335,18,441.31,7225127.32
2016-08-01,SEA-BOS,10475,8115,1117,1243,174,25,423.61,4437314.75
2016-08-01,SFO-JFK,17875,13065,1807,3003,478,27,645.01,11529553.75
2016-08-01,ORD-DFW,22029,17839,2755,1435,246,7,465.31,10250313.99
2016-08-01,LAX-SFO,16664,12711,2304,1649,131,46,175.83,2930031.12
2016-08-01,MIA-ORD,8067,6806,955,306,190,36,574.04,4630780.68
2016-08-01,DEN-ATL,25508,19345,3287,2876,173,49,546.84,13948794.72
2016-09-01,JFK-LAX,22717,17524,3779,1414,255,22,552.91,12560456.47
2016-09-01,LAX-ORD,26792,19839,4125,2828,476,35,612.84,16419209.28
2016-09-01,ATL-DEN,17112,13252,2732,1128,491,9,574.0,9822288.0
2016-09-01,DFW-MIA,6524,4903,881,740,138,25,537.71,3508020.04
2016-09-01,SEA-BOS,23023,17617,2869,2537,140,37,151.29,3483149.67
2016-09-01,SFO-JFK,14650,10853,2329,1468,284,37,200.37,2935420.5
2016-09-01,ORD-DFW,9090,7674,1627,-211,66,49,251.82,2289043.8
2016-09-01,LAX-SFO,6341,5350,1114,-123,488,21,567.47,3598327.27
2016-09-01,MIA-ORD,26988,21694,4990,304,34,18,419.18,11312829.84
2016-09-01,DEN-ATL,16918,13601,1779,1538,35,47,174.29,2948638.22
2016-10-01,JFK-LAX,9806,8334,1525,-53,95,7,168.67,1653978.02
2016-10-01,LAX-ORD,13820,11189,1648,983,337,23,587.44,8118420.8
2016-10-01,ATL-DEN,8294,6878,1529,-113,411,42,504.5,4184323.0
2016-10-01,DFW-MIA,29077,22954,3576,2547,197,45,192.32,5592088.64
2016-10-01,SEA-BOS,7983,6116,1121,746,48,15,592.19,4727452.77
2016-10-01,SFO-JFK,16779,13735,2212,832,219,33,637.29,10693088.91
2016-10-01,ORD-DFW,18737,15579,2655,503,236,42,694.69,13016406.53
2016-10-01,LAX-SFO,9346,7768,1428,150,425,32,589.33,5507878.18
2016-10-01,MIA-ORD,12206,8561,1284,2361,486,44,495.13,6043556.78
2016-10-01,DEN-ATL,24895,18441,3481,2973,423,25,335.0,8339825.0
2016-11-01,JFK-LAX,25819,20929,3198,1692,12,45,345.04,8908587.76
2016-11-01,LAX-ORD,7033,5235,867,931,162,48,159.83,1124084.39
2016-11-01,ATL-DEN,29557,20889,3279,5389,386,24,218.44,6456431.08
2016-11-01,DFW-MIA,15426,12996,2755,-325,436,6,690.28,10648259.28
2016-11-01,SEA-BOS,28870,24300,4236,334,342,34,241.87,6982786.9
2016-11-01,SFO-JFK,19899,14123,2789,2987,358,45,216.19,4301964.81
2016-11-01,ORD-DFW,12274,8916,1498,1860,250,3,604.41,7418528.34
2016-11-01,LAX-SFO,20876,14794,4110,1972,186,9,660.26,13783587.76
2016-11-01,MIA-ORD,23297,18142,2935,2220,428,18,532.81,12412874.57
2016-11-01,DEN-ATL,19551,16317,2861,373,278,47,169.18,3307638.18
2016-12-01,JFK-LAX,9675,7614,1056,1005,114,3,300.13,2903757.75
2016-12-01,LAX-ORD,22602,19061,4208,-667,18,15,510.38,11535608.76
2016-12-01,ATL-DEN,22338,16579,2798,2961,47,8,532.64,11898112.32
2016-12-01,DFW-MIA,10295,7972,1112,1211,325,48,525.79,5413008.05
2016-12-01,SEA-BOS,25420,21574,2698,1148,310,32,433.84,11028212.8
2016-12-01,SFO-JFK,23546,19394,3173,979,363,40,461.15,10858237.9
2016-12-01,ORD-DFW,6312,5250,1134,-72,177,28,617.82,3899679.84
2016-12-01,LAX-SFO,23088,17318,2859,2911,190,42,208.21,4807152.48
2016-12-01,MIA-ORD,8738,7103,1012,623,244,45,629.51,5500658.38
2016-12-01,DEN-ATL,21370,17776,2147,1447,169,43,275.74,5892563.8
2017-01-01,JFK-LAX,14766,10692,2684,1390,215,13,429.11,6336238.26
2017-01-01,LAX-ORD,5294,3859,573,862,164,49,457.91,2424175.54
2017-01-01,ATL-DEN,12009,9548,1849,612,172,48,208.84,2507959.56
2017-01-01,DFW-MIA,19749,13878,2828,3043,491,28,497.94,9833817.06
2017-01-01,SEA-BOS,10084,8251,1183,650,493,4,315.53,3181804.52
2017-01-01,SFO-JFK,22424,18290,3831,303,383,1,181.86,4078028.64
2017-01-01,ORD-DFW,16383,11580,3066,1737,201,47,682.88,11187623.04
2017-01-01,LAX-SFO,16939,13502,2700,737,469,7,186.09,3152178.51
2017-01-01,MIA-ORD,16296,12198,2425,1673,444,11,525.81,8568599.76
2017-01-01,DEN-ATL,16801,12161,2467,2173,13,17,206.21,3464534.21
2017-02-01,JFK-LAX,21422,16688,3911,823,84,32,195.31,4183930.82
2017-02-01,LAX-ORD,18261,13412,2065,2784,204,17,679.78,12413462.58
2017-02-01,ATL-DEN,5988,5039,850,99,452,20,368.68,2207655.84
2017-02-01,DFW-MIA,10626,8090,2012,524,24,34,267.21,2839373.46
2017-02-01,SEA-BOS,24440,19497,3344,1599,280,44,410.27,10026998.8
2017-02-01,SFO-JFK,6607,4782,795,1030,102,8,574.01,3792484.07
2017-02-01,ORD-DFW,18997,14809,1933,2255,358,44,167.89,3189406.33
2017-02-01,LAX-SFO,17091,14444,2026,621,24,25,150.68,2575271.88
2017-02-01,MIA-ORD,16536,13081,2062,1393,18,38,274.05,4531690.8
2017-02-01,DEN-ATL,28483,20212,4505,3766,126,2,588.66,16766802.78
2017-03-01,JFK-LAX,29970,25404,3445,1121,286,18,524.25,15711772.5
2017-03-01,LAX-ORD,22773,19270,3921,-418,20,45,566.38,12898171.74
2017-03-01,ATL-DEN,23427,19139,2435,1853,223,24,230.26,5394301.02
2017-03-01,DFW-MIA,11731,9947,1340,444,89,22,265.69,3116809.39
2017-03-01,SEA-BOS,7720,6052,779,889,362,2,443.83,3426367.6
2017-03-01,SFO-JFK,19056,14341,1968,2747,125,26,368.31,7018515.36
2017-03-01,ORD-DFW,15433,13065,1853,515,131,15,260.08,4013814.64
2017-03-01,LAX-SFO,14078,11270,2747,61,326,3,642.92,9051027.76
2017-03-01,MIA-ORD,23440,19699,2465,1276,425,41,539.98,12657131.2
2017-03-01,DEN-ATL,26767,22540,4350,-123,93,47,598.15,16010681.05
2017-04-01,JFK-LAX,5458,4553,844,61,323,22,398.78,2176541.24
2017-04-01,LAX-ORD,5514,3893,641,980,23,11,548.65,3025256.1
2017-04-01,ATL-DEN,12179,8976,1412,1791,310,19,686.73,8363684.67
2017-04-01,DFW-MIA,24811,20137,4644,30,318,32,424.01,10520112.11
2017-04-01,SEA-BOS,25049,17612,4141,3296,46,32,448.36,11230969.64
2017-04-01,SFO-JFK,21002,14958,2947,3097,454,29,380.12,7983280.24
2017-04-01,ORD-DFW,18518,13678,2708,2132,359,21,549.94,10183788.92
2017-04-01,LAX-SFO,5956,4925,970,61,229,44,572.25,3408321.0
2017-04-01,MIA-ORD,5955,4204,1111,640,105,41,391.24,2329834.2
2017-04-01,DEN-ATL,27015,21366,4316,1333,429,6,510.26,13784673.9
2017-05-01,JFK-LAX,22778,16914,3095,2769,140,45,406.2,9252423.6
2017-05-01,LAX-ORD,24342,17900,4323,2119,109,48,481.02,11708988.84
2017-05-01,ATL-DEN,16561,12182,3264,1115,384,37,619.91,10266329.51
2017-05-01,DFW-MIA,9648,7111,1804,733,120,14,433.15,4179031.2
2017-05-01,SEA-BOS,19296,15425,2113,1758,154,25,683.18,13182641.28
2017-05-01,SFO-JFK,7113,5894,717,502,458,40,479.29,3409189.77
2017-05-01,ORD-DFW,17588,12936,2171,2481,19,3,393.11,6914018.68
2017-05-01,LAX-SFO,15831,12315,2116,1400,359,41,386.99,6126438.69
2017-05-01,MIA-ORD,20635,16264,4020,351,322,20,358.65,7400742.75
2017-05-01,DEN-ATL,8178,6627,1360,191,174,49,614.29,5023663.62
2017-06-01,JFK-LAX,19135,15074,3574,487,117,20,298.36,5709118.6
2017-06-01,LAX-ORD,21001,15088,2585,3328,291,29,502.0,10542502.0
2017-06-01,ATL-DEN,6058,4651,1171,236,334,33,428.98,2598760.84
2017-06-01,DFW-MIA,6229,5003,870,356,251,24,527.28,3284427.12
2017-06-01,SEA-BOS,5125,4319,840,-34,194,39,400.11,2050563.75
2017-06-01,SFO-JFK,11638,9057,1562,1019,303,20,219.16,2550584.08
2017-06-01,ORD-DFW,10757,8026,1833,898,243,8,683.45,7351871.65
2017-06-01,LAX-SFO,29704,24049,3434,2221,367,5,679.84,20193967.36
2017-06-01,MIA-ORD,22582,18153,4150,279,227,43,525.79,11873389.78
2017-06-01,DEN-ATL,27641,20360,5060,2221,312,40,572.69,15829724.29
2017-07-01,JFK-LAX,22370,18782,3779,-191,298,1,268.62,6009029.4
2017-07-01,LAX-ORD,19287,15892,3215,180,370,26,341.72,6590753.64
2017-07-01,ATL-DEN,9033,7677,946,410,82,33,373.8,3376535.4
2017-07-01,DFW-MIA,17975,14611,1960,1404,168,41,210.01,3774929.75
2017-07-01,SEA-BOS,20740,16898,3993,-151,28,6,645.76,13393062.4
2017-07-01,SFO-JFK,6000,4485,1121,394,138,24,313.28,1879680.0
2017-07-01,ORD-DFW,21838,15305,2892,3641,85,7,459.89,10043077.82
2017-07-01,LAX-SFO,17178,13025,2488,1665,314,32,355.29,6103171.62
2017-07-01,MIA-ORD,27443,19270,4355,3818,465,46,503.42,13815355.06
2017-07-01,DEN-ATL,7989,6192,1232,565,337,48,615.94,4920744.66
2017-08-01,JFK-LAX,6177,4424,709,1044,313,37,285.34,1762545.18
2017-08-01,LAX-ORD,19051,15072,3362,617,335,46,544.97,10382223.47
2017-08-01,ATL-DEN,18178,14145,3312,721,116,16,506.11,9200067.58
2017-08-01,DFW-MIA,26627,22451,4405,-229,60,15,258.43,6881215.61
2017-08-01,SEA-BOS,21524,16202,2370,2952,390,4,291.23,6268434.52
2017-08-01,SFO-JFK,8610,7227,1319,64,145,16,199.29,1715886.9
2017-08-01,ORD-DFW,14873,11303,2939,631,99,25,437.36,6504855.28
2017-08-01,LAX-SFO,6286,5042,742,502,406,31,539.98,3394314.28
2017-08-01,MIA-ORD,23743,19445,2814,1484,449,36,383.49,9105203.07
2017-08-01,DEN-ATL,17149,14077,2658,414,385,45,498.23,8544146.27
2017-09-01,JFK-LAX,16130,11297,2642,2191,286,22,476.45,7685138.5
2017-09-01,LAX-ORD,24481,17915,3943,2623,387,42,645.01,15790489.81
2017-09-01,ATL-DEN,26199,20526,3289,2384,77,24,602.44,15783325.56
2017-09-01,DFW-MIA,12227,9790,2212,225,412,36,232.34,2840821.18
2017-09-01,SEA-BOS,14654,11547,1711,1396,492,44,624.54,9152009.16
2017-09-01,SFO-JFK,22014,17177,2594,2243,302,15,276.64,6089952.96
2017-09-01,ORD-DFW,12622,9870,1554,1198,87,13,476.96,6020189.12
2017-09-01,LAX-SFO,12421,8958,1583,1880,272,21,521.71,6480159.91
2017-09-01,MIA-ORD,28164,22746,4766,652,496,24,220.62,6213541.68
2017-09-01,DEN-ATL,10699,8651,1688,360,176,45,193.68,2072182.32
2017-10-01,JFK-LAX,18031,14366,2877,788,82,8,351.83,6343846.73
2017-10-01,LAX-ORD,10189,7674,1089,1426,58,2,518.28,5280754.92
2017-10-01,ATL-DEN,7475,5494,1151,830,239,8,507.98,3797150.5
2017-10-01,DFW-MIA,12979,9716,1730,1533,335,2,696.78,9043507.62
2017-10-01,SEA-BOS,24201,18258,4829,1114,480,30,333.46,8070065.46
2017-10-01,SFO-JFK,5661,4440,1108,113,342,29,529.5,2997499.5
2017-10-01,ORD-DFW,5207,3964,740,503,64,16,150.68,784590.76
2017-10-01,LAX-SFO,18711,14963,3359,389,153,30,279.05,5221304.55
2017-10-01,MIA-ORD,9443,7989,963,491,477,40,572.73,5408289.39
2017-10-01,DEN-ATL,23752,19626,3612,514,463,22,199.02,4727123.04
2017-11-01,JFK-LAX,9895,7116,1806,973,47,34,184.71,1827705.45
2017-11-01,LAX-ORD,21163,15776,2673,2714,75,41,198.2,4194506.6
2017-11-01,ATL-DEN,20096,15736,2623,1737,189,23,668.31,13430357.76
2017-11-01,DFW-MIA,9406,6812,1680,914,152,22,461.62,4341997.72
2017-11-01,SEA-BOS,29819,21805,5756,2258,51,38,599.6,17879472.4
2017-11-01,SFO-JFK,6826,5468,1046,312,471,6,227.7,1554280.2
2017-11-01,ORD-DFW,12693,9039,1780,1874,75,27,532.22,6755468.46
2017-11-01,LAX-SFO,12373,10471,2030,-128,34,2,222.89,2757817.97
2017-11-01,MIA-ORD,25643,20282,2921,2440,345,46,246.16,6312280.88
2017-11-01,DEN-ATL,16138,13603,2945,-410,150,34,187.49,3025713.62
2017-12-01,JFK-LAX,12137,9417,1495,1225,182,12,681.2,8267724.4
2017-12-01,LAX-ORD,16871,13313,3266,292,29,18,302.76,5107863.96
2017-12-01,ATL-DEN,7494,5966,911,617,263,2,507.61,3804029.34
2017-12-01,DFW-MIA,11610,8800,1816,994,427,10,266.47,3093716.7
2017-12-01,SEA-BOS,27909,23701,2952,1256,65,15,691.02,19285677.18
2017-12-01,SFO-JFK,17168,12383,1925,2860,199,46,205.58,3529397.44
2017-12-01,ORD-DFW,29975,21262,4524,4189,112,40,597.68,17915458.0
2017-12-01,LAX-SFO,6382,4678,749,955,429,38,384.35,2452921.7
2017-12-01,MIA-ORD,20422,16721,2868,833,265,35,352.27,7194057.94
2017-12-01,DEN-ATL,6549,4758,908,883,142,2,223.59,1464290.91
2018-01-01,JFK-LAX,11548,8116,1454,1978,147,23,225.41,2603034.68
2018-01-01,LAX-ORD,10542,8358,1395,789,483,45,686.73,7239507.66
2018-01-01,ATL-DEN,7385,5241,769,1375,474,35,296.22,2187584.7
2018-01-01,DFW-MIA,15634,12009,2883,742,192,26,219.96,3438854.64
2018-01-01,SEA-BOS,9719,7878,1434,407,242,29,366.96,3566484.24
2018-01-01,SFO-JFK,24877,18878,4866,1133,122,41,206.18,5129139.86
2018-01-01,ORD-DFW,8191,6121,1382,688,69,48,290.07,2375963.37
2018-01-01,LAX-SFO,28561,23978,3578,1005,241,21,603.82,17245703.02
2018-01-01,MIA-ORD,22159,18486,3626,47,88,17,186.66,4136198.94
2018-01-01,DEN-ATL,28724,20753,4990,2981,458,23,524.13,15055110.12
2018-02-01,JFK-LAX,9940,7014,1735,1191,394,45,591.17,5876229.8
2018-02-01,LAX-ORD,29034,20376,5680,2978,286,40,344.29,9996115.86
2018-02-01,ATL-DEN,21749,18459,4286,-996,220,7,581.11,12638561.39
2018-02-01,DFW-MIA,13964,11157,2463,344,329,10,161.52,2255465.28
2018-02-01,SEA-BOS,18279,14206,3471,602,145,40,493.56,9021783.24
2018-02-01,SFO-JFK,24393,19516,2464,2413,301,4,576.05,14051587.65
2018-02-01,ORD-DFW,17504,13645,1823,2036,379,10,589.29,10314932.16
2018-02-01,LAX-SFO,10978,9298,1758,-78,190,32,561.44,6163488.32
2018-02-01,MIA-ORD,14503,11493,1677,1333,19,15,210.94,3059262.82
2018-02-01,DEN-ATL,28953,21242,3972,3739,324,14,391.67,11340021.51
2018-03-01,JFK-LAX,12128,8787,1544,1797,477,21,521.79,6328269.12
2018-03-01,LAX-ORD,5685,3990,1132,563,131,32,324.31,1843702.35
2018-03-01,ATL-DEN,21422,17715,4110,-403,27,21,565.27,12109213.94
2018-03-01,DFW-MIA,20997,17349,3629,19,144,23,510.89,10727157.33
2018-03-01,SEA-BOS,25714,19038,3958,2718,278,18,209.37,5383740.18
2018-03-01,SFO-JFK,17500,14155,3181,164,104,15,428.22,7493850.0
2018-03-01,ORD-DFW,25567,19209,3613,2745,430,33,429.6,10983583.2
2018-03-01,LAX-SFO,13894,9946,1599,2349,39,39,467.45,6494750.3
2018-03-01,MIA-ORD,14496,11802,1681,1013,371,16,596.46,8646284.16
2018-03-01,DEN-ATL,27379,22148,5453,-222,113,35,370.82,10152680.78
2018-04-01,JFK-LAX,29417,21492,4574,3351,393,46,488.79,14378735.43
2018-04-01,LAX-ORD,16329,12300,2912,1117,429,22,616.43,10065685.47
2018-04-01,ATL-DEN,29889,21080,5217,3592,23,34,567.27,16955133.03
2018-04-01,DFW-MIA,20379,15264,2341,2774,79,19,697.98,14224134.42
2018-04-01,SEA-BOS,7179,5440,1179,560,403,24,269.47,1934525.13
2018-04-01,SFO-JFK,28705,21779,4054,2872,497,39,151.77,4356557.85
2018-04-01,ORD-DFW,10891,7919,1511,1461,282,7,414.54,4514755.14
2018-04-01,LAX-SFO,8586,6093,1356,1137,64,4,179.04,1537237.44
2018-04-01,MIA-ORD,15775,12643,2847,285,168,19,424.04,6689231.0
2018-04-01,DEN-ATL,10997,7943,1864,1190,85,30,690.08,7588809.76
2018-05-01,JFK-LAX,18428,15079,2796,553,441,45,231.1,4258710.8
2018-05-01,LAX-ORD,11256,8611,1225,1420,125,49,479.02,5391849.12
2018-05-01,ATL-DEN,14518,12336,2806,-624,310,33,381.69,5541375.42
2018-05-01,DFW-MIA,6283,4865,740,678,408,6,695.12,4367438.96
2018-05-01,SEA-BOS,23555,17844,3702,2009,409,5,251.46,5923140.3
2018-05-01,SFO-JFK,13329,9999,1367,1963,122,30,607.43,8096434.47
2018-05-01,ORD-DFW,7757,6032,1007,718,254,19,292.61,2269775.77
2018-05-01,LAX-SFO,10017,8323,1845,-151,430,20,591.45,5924554.65
2018-05-01,MIA-ORD,20433,17176,3485,-228,99,4,177.41,3625018.53
2018-05-01,DEN-ATL,28846,22340,4144,2362,322,36,571.03,16471931.38
2018-06-01,JFK-LAX,18493,13569,2092,2832,66,31,657.44,12158037.92
2018-06-01,LAX-ORD,17835,12520,2287,3028,115,30,169.96,3031236.6
2018-06-01,ATL-DEN,9998,7368,1905,725,129,10,299.57,2995100.86
2018-06-01,DFW-MIA,7014,5382,1246,386,53,9,418.16,2932974.24
2018-06-01,SEA-BOS,7643,6060,1193,390,30,4,323.35,2471364.05
2018-06-01,SFO-JFK,19289,15621,2986,682,481,15,635.17,12251794.13
2018-06-01,ORD-DFW,22833,18818,4081,-66,151,37,689.71,15748148.43
2018-06-01,LAX-SFO,25054,18282,3921,2851,412,25,670.87,16807976.98
2018-06-01,MIA-ORD,15123,11378,1684,2061,187,4,379.89,5745076.47
2018-06-01,DEN-ATL,20352,16843,3177,332,90,24,213.12,4337418.24
2018-07-01,JFK-LAX,12521,9523,1931,1067,432,22,451.86,5657739.06
2018-07-01,LAX-ORD,6633,4724,967,942,74,10,241.18,1599746.94
2018-07-01,ATL-DEN,22921,18328,2787,1806,339,34,624.09,14304766.89
2018-07-01,DFW-MIA,17722,14135,2738,849,353,47,431.88,7653777.36
2018-07-01,SEA-BOS,9666,7432,1016,1218,328,49,260.75,2520409.5
2018-07-01,SFO-JFK,23708,17181,3153,3374,375,22,159.87,3790197.96
2018-07-01,ORD-DFW,15983,13292,3004,-313,101,14,281.34,4496657.22
2018-07-01,LAX-SFO,11823,10022,2095,-294,456,2,185.86,2197422.78
2018-07-01,MIA-ORD,18565,13952,2380,2233,51,35,208.01,3861705.65
2018-07-01,DEN-ATL,20795,15965,2905,1925,436,19,392.59,8163909.05
2018-08-01,JFK-LAX,7551,5497,826,1228,485,41,467.68,3531451.68
2018-08-01,LAX-ORD,12239,10032,1708,499,441,46,443.17,5423957.63
2018-08-01,ATL-DEN,19889,15257,3098,1534,395,7,487.41,9694097.49
2018-08-01,DFW-MIA,16116,13471,2057,588,49,38,227.39,3664617.24
2018-08-01,SEA-BOS,24584,17331,3352,3901,425,48,233.66,5744297.44
2018-08-01,SFO-JFK,7307,5990,1437,-120,284,32,214.7,1568812.9
2018-08-01,ORD-DFW,20149,15070,4006,1073,118,21,548.85,11058778.65
2018-08-01,LAX-SFO,28713,20813,5403,2497,232,27,527.77,15153860.01
2018-08-01,MIA-ORD,27658,21548,4755,1355,427,26,193.67,5356524.86
2018-08-01,DEN-ATL,28172,23834,3766,572,274,38,447.44,12605279.68
2018-09-01,JFK-LAX,21299,18066,4049,-816,373,44,322.73,6873826.27
2018-09-01,LAX-ORD,21087,16324,3855,908,485,30,245.57,5178334.59
2018-09-01,ATL-DEN,8348,5985,907,1456,426,21,381.07,3181172.36
2018-09-01,DFW-MIA,15785,11873,2289,1623,323,11,508.13,8020832.05
2018-09-01,SEA-BOS,16439,12930,2857,652,117,11,614.06,10094532.34
2018-09-01,SFO-JFK,14122,9951,2456,1715,427,2,323.21,4564371.62
2018-09-01,ORD-DFW,15487,11002,1819,2666,210,20,274.95,4258150.65
2018-09-01,LAX-SFO,26447,18801,2848,4798,76,4,626.51,16569309.97
2018-09-01,MIA-ORD,27309,20592,2917,3800,322,46,567.59,15500315.31
2018-09-01,DEN-ATL,27499,22842,4856,-199,364,13,644.37,17719530.63
2018-10-01,JFK-LAX,22522,18830,3762,-70,416,27,364.37,8206341.14
2018-10-01,LAX-ORD,11701,8998,2181,522,337,35,377.02,4411511.02
2018-10-01,ATL-DEN,11142,7984,1585,1573,290,40,556.95,6205536.9
2018-10-01,DFW-MIA,9249,7814,1042,393,92,46,650.92,6020359.08
2018-10-01,SEA-BOS,14641,11784,2693,164,182,7,491.74,7199565.34
2018-10-01,SFO-JFK,20432,15236,3737,1459,284,47,397.41,8119881.12
2018-10-01,ORD-DFW,22317,16024,2384,3909,474,30,175.37,3913732.29
2018-10-01,LAX-SFO,11816,9102,1537,1177,212,35,274.49,3243373.84
2018-10-01,MIA-ORD,5040,3564,959,517,273,2,517.29,2607141.6
2018-10-01,DEN-ATL,29173,21910,5802,1461,264,16,281.73,8218909.29
2018-11-01,JFK-LAX,23863,16828,3777,3258,73,46,620.63,14810093.69
2018-11-01,LAX-ORD,22044,15641,4037,2366,460,44,213.21,4700001.24
2018-11-01,ATL-DEN,7044,5485,727,832,44,17,185.58,1307225.52
2018-11-01,DFW-MIA,16328,11491,2766,2071,433,12,650.87,10627405.36
2018-11-01,SEA-BOS,11317,9235,1812,270,35,29,243.82,2759310.94
2018-11-01,SFO-JFK,19868,15789,3162,917,166,4,522.03,10371692.04
2018-11-01,ORD-DFW,15587,11154,2158,2275,438,3,508.72,7929418.64
2018-11-01,LAX-SFO,5193,3846,764,583,370,1,297.93,1547150.49
2018-11-01,MIA-ORD,25389,18042,3184,4163,410,12,482.24,12243591.36
2018-11-01,DEN-ATL,9378,6761,1197,1420,458,29,410.13,3846199.14
2018-12-01,JFK-LAX,13333,10554,1707,1072,321,49,434.11,5787988.63
2018-12-01,LAX-ORD,26477,21926,2778,1773,145,43,614.16,16261114.32
2018-12-01,ATL-DEN,20200,15166,3641,1393,442,42,311.42,6290684.0
2018-12-01,DFW-MIA,27760,21085,3017,3658,50,17,212.61,5902053.6
2018-12-01,SEA-BOS,7866,6544,1238,84,48,13,521.48,4101961.68
2018-12-01,SFO-JFK,6517,5532,737,248,55,45,367.02,2391869.34
2018-12-01,ORD-DFW,13210,10061,2519,630,118,12,521.03,6882806.3
2018-12-01,LAX-SFO,27432,22592,5363,-523,259,5,150.86,4138391.52
2018-12-01,MIA-ORD,18146,12707,3116,2323,440,23,172.31,3126737.26
2018-12-01,DEN-ATL,6875,5520,766,589,487,33,400.93,2756393.75
2019-01-01,JFK-LAX,21977,15688,3508,2781,433,20,645.18,14179120.86
2019-01-01,LAX-ORD,21715,15461,2941,3313,432,2,517.71,11242072.65
2019-01-01,ATL-DEN,25584,20389,4830,365,470,10,426.18,10903389.12
2019-01-01,DFW-MIA,9658,8083,1557,18,37,3,548.19,5294419.02
2019-01-01,SEA-BOS,16777,13077,3068,632,359,40,601.01,10083144.77
2019-01-01,SFO-JFK,25392,19381,3288,2723,330,45,369.65,9386152.8
2019-01-01,ORD-DFW,10476,7526,1632,1318,232,25,551.05,5772799.8
2019-01-01,LAX-SFO,10624,7544,1473,1607,116,18,372.14,3953615.36
2019-01-01,MIA-ORD,8500,6301,1110,1089,131,30,395.53,3362005.0
2019-01-01,DEN-ATL,15081,11425,2186,1470,181,15,567.64,8560578.84
2019-02-01,JFK-LAX,23454,17539,3710,2205,322,36,366.14,8587447.56
2019-02-01,LAX-ORD,15135,11444,1766,1925,430,7,228.43,3457288.05
2019-02-01,ATL-DEN,26312,19783,3037,3492,166,10,505.2,13292822.4
2019-02-01,DFW-MIA,7011,4914,971,1126,484,11,321.17,2251722.87
2019-02-01,SEA-BOS,23213,19198,3554,461,185,12,457.83,10627607.79
2019-02-01,SFO-JFK,22438,18023,2559,1856,334,30,165.15,3705635.7
2019-02-01,ORD-DFW,5442,4243,618,581,163,27,264.88,1441476.96
2019-02-01,LAX-SFO,9458,7171,1097,1190,315,6,565.92,5352471.36
2019-02-01,MIA-ORD,22294,17237,2519,2538,131,37,675.76,15065393.44
2019-02-01,DEN-ATL,13036,10052,1882,1102,283,9,691.21,9010613.56
2019-03-01,JFK-LAX,25538,21558,3548,432,118,32,337.21,8611668.98
2019-03-01,LAX-ORD,17355,14699,2564,92,406,34,242.59,4210149.45
2019-03-01,ATL-DEN,26300,21698,3788,814,51,34,292.63,7696169.0
2019-03-01,DFW-MIA,29114,21153,4388,3573,392,44,279.27,8130666.78
2019-03-01,SEA-BOS,5138,4026,692,420,101,24,699.84,3595777.92
2019-03-01,SFO-JFK,10004,7942,1489,573,444,17,554.02,5542416.08
2019-03-01,ORD-DFW,29401,23330,4614,1457,259,19,260.72,7665428.72
2019-03-01,LAX-SFO,21212,15319,3929,1964,110,36,648.82,13762769.84
2019-03-01,MIA-ORD,15238,12870,2909,-541,276,45,402.16,6128114.08
2019-03-01,DEN-ATL,15485,11142,2772,1571,485,5,586.82,9086907.7
2019-04-01,JFK-LAX,18331,14115,1896,2320,79,17,672.01,12318615.31
2019-04-01,LAX-ORD,9761,8269,1447,45,361,6,473.8,4624761.8
2019-04-01,ATL-DEN,12929,10003,1968,958,455,24,392.67,5076830.43
2019-04-01,DFW-MIA,23330,18120,3481,1729,251,17,626.07,14606213.1
2019-04-01,SEA-BOS,20309,15605,2931,1773,184,47,465.44,9452620.96
2019-04-01,SFO-JFK,5364,4138,1070,156,337,45,391.53,2100166.92
2019-04-01,ORD-DFW,20072,16739,2132,1201,303,3,396.58,7960153.76
2019-04-01,LAX-SFO,18324,15497,2236,591,217,32,661.09,12113813.16
2019-04-01,MIA-ORD,10845,8767,1835,243,307,21,347.29,3766360.05
2019-04-01,DEN-ATL,11337,8502,1964,871,295,30,154.87,1755761.19
2019-05-01,JFK-LAX,17306,12635,3451,1220,497,7,151.27,2617878.62
2019-05-01,LAX-ORD,17866,14483,3276,107,10,15,228.57,4083631.62
2019-05-01,ATL-DEN,14959,12573,2725,-339,210,1,615.26,9203674.34
2019-05-01,DFW-MIA,15433,11044,2159,2230,299,46,304.18,4694409.94
2019-05-01,SEA-BOS,28811,21927,3071,3813,364,8,211.05,6080561.55
2019-05-01,SFO-JFK,5187,4079,880,228,54,19,437.42,2268897.54
2019-05-01,ORD-DFW,27031,21685,3008,2338,171,42,283.23,7655990.13
2019-05-01,LAX-SFO,20717,14657,2222,3838,22,47,266.11,5513000.87
2019-05-01,MIA-ORD,26793,19884,4832,2077,471,27,162.11,4343413.23
2019-05-01,DEN-ATL,28782,22204,3528,3050,242,30,688.44,19814680.08
2019-06-01,JFK-LAX,6556,4800,928,828,290,22,253.31,1660700.36
2019-06-01,LAX-ORD,21566,16723,3125,1718,19,36,493.63,10645624.58
2019-06-01,ATL-DEN,5159,4018,754,387,375,24,309.48,1596607.32
2019-06-01,DFW-MIA,18341,14269,2096,1976,480,8,299.28,5489094.48
2019-06-01,SEA-BOS,11046,8203,1252,1591,363,11,299.35,3306620.1
2019-06-01,SFO-JFK,20920,15640,2092,3188,358,26,543.27,11365208.4
2019-06-01,ORD-DFW,16989,13693,1805,1491,315,8,152.1,2584026.9
2019-06-01,LAX-SFO,27852,23425,3015,1412,165,11,604.69,16841825.88
2019-06-01,MIA-ORD,10738,7952,1978,808,437,4,583.91,6270025.58
2019-06-01,DEN-ATL,20246,17035,2879,332,207,48,664.98,13463185.08
2019-07-01,JFK-LAX,16684,11969,1738,2977,422,33,661.59,11037967.56
2019-07-01,LAX-ORD,16992,13688,1706,1598,32,21,542.18,9212722.56
2019-07-01,ATL-DEN,20372,14819,2604,2949,20,17,521.86,10631331.92
2019-07-01,DFW-MIA,26272,19564,2904,3804,476,19,504.28,13248444.16
2019-07-01,SEA-BOS,18200,13722,3561,917,37,41,411.78,7494396.0
2019-07-01,SFO-JFK,6519,4767,892,860,245,41,178.8,1165597.2
2019-07-01,ORD-DFW,25456,18529,3950,2977,109,31,545.81,13894139.36
2019-07-01,LAX-SFO,25808,21432,4466,-90,479,33,587.93,15173297.44
2019-07-01,MIA-ORD,15070,11922,1952,1196,225,8,508.4,7661588.0
2019-07-01,DEN-ATL,19609,15894,3871,-156,437,21,525.21,10298842.89
2019-08-01,JFK-LAX,22845,17976,2479,2390,244,35,516.78,11805839.1
2019-08-01,LAX-ORD,9213,7529,1422,262,312,10,158.08,1456391.04
2019-08-01,ATL-DEN,25132,21026,4619,-513,346,36,671.87,16885436.84
2019-08-01,DFW-MIA,22058,17071,3097,1890,26,12,477.32,10528724.56
2019-08-01,SEA-BOS,29087,23523,5461,103,387,26,522.65,15202320.55
2019-08-01,SFO-JFK,25307,19441,3207,2659,474,40,222.34,5626758.38
2019-08-01,ORD-DFW,27475,19749,2794,4932,196,47,593.94,16318501.5
2019-08-01,LAX-SFO,20493,15683,2729,2081,162,33,556.46,11403534.78
2019-08-01,MIA-ORD,23950,18015,3285,2650,25,16,314.89,7541615.5
2019-08-01,DEN-ATL,25963,20309,4879,775,316,9,450.83,11704899.29
2019-09-01,JFK-LAX,28303,23137,5038,128,465,45,368.9,10440976.7
2019-09-01,LAX-ORD,17903,12708,2198,2997,107,34,416.24,7451944.72
2019-09-01,ATL-DEN,6102,4326,1020,756,13,26,694.61,4238510.22
2019-09-01,DFW-MIA,5630,4604,1121,-95,443,11,679.52,3825697.6
2019-09-01,SEA-BOS,28067,22917,3382,1768,99,44,490.85,13776686.95
2019-09-01,SFO-JFK,16704,13252,2975,477,310,19,230.83,3855784.32
2019-09-01,ORD-DFW,25148,19592,4794,762,360,28,503.55,12663275.4
2019-09-01,LAX-SFO,6072,5113,812,147,447,47,183.35,1113301.2
2019-09-01,MIA-ORD,26165,18559,3001,4605,14,20,497.01,13004266.65
2019-09-01,DEN-ATL,19794,13988,2802,3004,431,27,568.6,11254868.4
2019-10-01,JFK-LAX,24167,18731,4059,1377,462,6,301.09,7276442.03
2019-10-01,LAX-ORD,24029,19562,3716,751,311,13,402.23,9665184.67
2019-10-01,ATL-DEN,10085,8366,1493,226,244,44,614.01,6192290.85
2019-10-01,DFW-MIA,11474,9396,2127,-49,165,44,678.34,7783273.16
2019-10-01,SEA-BOS,19607,15596,2937,1074,193,26,437.4,8576101.8
2019-10-01,SFO-JFK,10451,7722,1501,1228,28,23,190.19,1987675.69
2019-10-01,ORD-DFW,5619,4601,1072,-54,363,17,678.07,3810075.33
2019-10-01,LAX-SFO,29820,25136,5865,-1181,17,13,619.82,18483032.4
2019-10-01,MIA-ORD,15717,12695,1960,1062,330,43,516.63,8119873.71
2019-10-01,DEN-ATL,17474,14748,3081,-355,102,22,481.69,8417051.06
2019-11-01,JFK-LAX,23852,16728,3236,3888,165,42,592.61,14134933.72
2019-11-01,LAX-ORD,29532,21656,3903,3973,331,8,594.55,17558250.6
2019-11-01,ATL-DEN,20514,14449,3037,3028,150,45,215.18,4414202.52
2019-11-01,DFW-MIA,28816,20836,5734,2246,43,1,174.7,5034155.2
2019-11-01,SEA-BOS,25806,19503,3593,2710,126,30,655.13,16906284.78
2019-11-01,SFO-JFK,8696,6666,1109,921,26,18,695.84,6051024.64
2019-11-01,ORD-DFW,9956,7811,1352,793,333,1,282.22,2809782.32
2019-11-01,LAX-SFO,20417,16978,4031,-592,352,10,611.9,12493162.3
2019-11-01,MIA-ORD,14256,10062,1476,2718,410,22,626.72,8934520.32
2019-11-01,DEN-ATL,6772,4968,969,835,265,11,459.83,3113968.76
2019-12-01,JFK-LAX,22044,17139,3877,1028,412,45,344.18,7587103.92
2019-12-01,LAX-ORD,28854,24109,5326,-581,142,21,569.71,16438412.34
2019-12-01,ATL-DEN,16030,12366,2400,1264,125,45,475.12,7616173.6
2019-12-01,DFW-MIA,11696,8705,1864,1127,55,28,499.82,5845894.72
2019-12-01,SEA-BOS,25954,18436,5037,2481,430,1,375.18,9737421.72
2019-12-01,SFO-JFK,20639,17006,2162,1471,173,34,575.65,11880840.35
2019-12-01,ORD-DFW,15775,12591,1816,1368,450,49,446.5,7043537.5
2019-12-01,LAX-SFO,12415,9230,2397,788,360,41,150.01,1862374.15
2019-12-01,MIA-ORD,8832,6263,1203,1366,322,10,260.31,2299057.92
2019-12-01,DEN-ATL,18926,14111,2467,2348,12,22,551.14,10430875.64
2020-01-01,JFK-LAX,17251,12878,2987,1386,429,47,378.77,6534161.27
2020-01-01,LAX-ORD,27412,20926,3571,2915,199,37,541.94,14855659.28
2020-01-01,ATL-DEN,21589,15518,2886,3185,56,36,691.67,14932463.63
2020-01-01,DFW-MIA,10141,7696,1613,832,250,16,193.15,1958734.15
2020-01-01,SEA-BOS,15014,12207,1532,1275,171,9,297.87,4472220.18
2020-01-01,SFO-JFK,8551,6040,1081,1430,333,48,313.11,2677403.61
2020-01-01,ORD-DFW,5152,3706,803,643,250,1,539.67,2780379.84
2020-01-01,LAX-SFO,7610,5748,1470,392,97,2,533.47,4059706.7
2020-01-01,MIA-ORD,12263,8764,2211,1288,416,39,617.76,7575590.88
2020-01-01,DEN-ATL,8664,6104,911,1649,82,13,267.37,2316493.68
2020-02-01,JFK-LAX,6363,5388,1181,-206,72,49,549.88,3498886.44
2020-02-01,LAX-ORD,5174,3959,801,414,346,3,415.38,2149176.12
2020-02-01,ATL-DEN,24555,20084,4258,213,411,49,163.86,4023582.3
2020-02-01,DFW-MIA,6907,4963,1241,703,298,14,613.8,4239516.6
2020-02-01,SEA-BOS,18046,13268,3076,1702,348,6,450.54,8130444.84
2020-02-01,SFO-JFK,13112,10241,1874,997,462,27,415.25,5444758.0
2020-02-01,ORD-DFW,5999,4360,1079,560,492,19,368.1,2208231.9
2020-02-01,LAX-SFO,9986,8307,1806,-127,104,4,493.77,4930787.22
2020-02-01,MIA-ORD,24477,19603,4397,477,16,14,493.68,12083805.36
2020-02-01,DEN-ATL,16889,13932,3219,-262,219,16,239.55,4045759.95
2020-03-01,JFK-LAX,13160,10295,1694,1171,340,5,344.13,4528750.8
2020-03-01,LAX-ORD,6424,5397,918,109,421,14,483.03,3102984.72
2020-03-01,ATL-DEN,5887,4812,756,319,377,41,526.99,3102390.13
2020-03-01,DFW-MIA,27724,19706,3341,4677,176,4,690.13,19133164.12
2020-03-01,SEA-BOS,18395,14729,3002,664,23,23,380.08,6991571.6
2020-03-01,SFO-JFK,10941,8645,2177,119,289,18,667.7,7305305.7
2020-03-01,ORD-DFW,25840,21887,2758,1195,166,10,248.65,6425116.0
2020-03-01,LAX-SFO,21901,17130,4334,437,178,5,254.4,5571614.4
2020-03-01,MIA-ORD,19256,14480,2691,2085,396,10,434.23,8361532.88
2020-03-01,DEN-ATL,19114,14149,2460,2505,83,38,682.7,13049127.8
2020-04-01,JFK-LAX,6518,5492,845,181,447,20,479.47,3125185.46
2020-04-01,LAX-ORD,8554,6819,1084,651,299,22,680.76,5823221.04
2020-04-01,ATL-DEN,6742,5289,978,475,361,48,470.96,3175212.32
2020-04-01,DFW-MIA,9195,6780,921,1494,461,1,214.39,1971316.05
2020-04-01,SEA-BOS,19296,13955,3752,1589,159,48,153.68,2965409.28
2020-04-01,SFO-JFK,6271,4942,1066,263,34,45,374.48,2348364.08
2020-04-01,ORD-DFW,9396,7398,1177,821,173,19,676.67,6357991.32
2020-04-01,LAX-SFO,16683,13494,2698,491,425,32,268.07,4472211.81
2020-04-01,MIA-ORD,10285,7356,1037,1892,63,35,639.53,6577566.05
2020-04-01,DEN-ATL,22748,19044,3262,442,280,4,388.92,8847152.16
2020-05-01,JFK-LAX,29648,22703,5918,1027,357,17,450.78,13364725.44
2020-05-01,LAX-ORD,15409,12406,1855,1148,48,49,600.1,9246940.9
2020-05-01,ATL-DEN,6134,4973,621,540,72,33,267.92,1643421.28
2020-05-01,DFW-MIA,9164,6520,1751,893,212,3,268.44,2459984.16
2020-05-01,SEA-BOS,22568,18075,2439,2054,313,10,636.73,14369722.64
2020-05-01,SFO-JFK,9370,7252,1202,916,183,3,489.23,4584085.1
2020-05-01,ORD-DFW,6014,4875,914,225,188,46,354.11,2129617.54
2020-05-01,LAX-SFO,28624,20922,5151,2551,304,49,625.86,17914616.64
2020-05-01,MIA-ORD,24296,20270,4048,-22,65,21,376.24,9141127.04
2020-05-01,DEN-ATL,25025,18449,4267,2309,177,36,444.26,11117606.5
2020-06-01,JFK-LAX,10738,9024,1142,572,363,22,581.8,6247368.4
2020-06-01,LAX-ORD,12352,9018,1964,1370,144,43,420.1,5189075.2
2020-06-01,ATL-DEN,13003,9511,1665,1827,12,14,156.32,2032628.96
2020-06-01,DFW-MIA,13312,9838,1543,1931,422,5,582.59,7755438.08
2020-06-01,SEA-BOS,20195,16148,3800,247,118,47,526.82,10639129.9
2020-06-01,SFO-JFK,22186,18211,2236,1739,149,27,433.25,9612084.5
2020-06-01,ORD-DFW,8606,6353,1499,754,387,24,584.11,5026850.66
2020-06-01,LAX-SFO,18622,13638,3369,1615,398,36,497.72,9268541.84
2020-06-01,MIA-ORD,6200,4810,1203,187,106,49,206.41,1279742.0
2020-06-01,DEN-ATL,5136,3655,939,542,48,22,436.88,2243815.68
2020-07-01,JFK-LAX,5086,4199,945,-58,460,30,391.57,1991525.02
2020-07-01,LAX-ORD,24157,17982,3524,2651,96,13,547.06,13215328.42
2020-07-01,ATL-DEN,23031,16527,2683,3821,113,21,545.31,12559034.61
2020-07-01,DFW-MIA,13837,11324,1794,719,255,33,339.88,4702919.56
2020-07-01,SEA-BOS,9733,7055,1840,838,471,10,499.05,4857253.65
2020-07-01,SFO-JFK,29690,21773,4510,3407,37,11,284.94,8459868.6
2020-07-01,ORD-DFW,7294,5372,924,998,127,15,562.16,4100395.04
2020-07-01,LAX-SFO,27167,21528,4229,1410,184,33,385.92,10484288.64
2020-07-01,MIA-ORD,21402,17161,3021,1220,499,1,262.02,5607752.04
2020-07-01,DEN-ATL,10618,8303,1672,643,102,48,669.81,7112042.58
2020-08-01,JFK-LAX,15799,12494,1765,1540,422,39,228.56,3611019.44
2020-08-01,LAX-ORD,20641,16034,2299,2308,291,49,523.39,10803292.99
2020-08-01,ATL-DEN,5816,4901,1033,-118,71,17,621.52,3614760.32
2020-08-01,DFW-MIA,29826,22999,4654,2173,126,43,528.75,15770497.5
2020-08-01,SEA-BOS,14359,10072,2474,1813,129,1,405.78,5826595.02
2020-08-01,SFO-JFK,14813,12242,2199,372,444,41,442.37,6552826.81
2020-08-01,ORD-DFW,16676,12132,3093,1451,438,15,406.47,6778293.72
2020-08-01,LAX-SFO,8764,6673,1444,647,155,48,264.38,2317026.32
2020-08-01,MIA-ORD,8719,7250,1211,258,194,40,682.44,5950194.36
2020-08-01,DEN-ATL,16064,13610,2330,124,342,45,694.07,11149540.48
2020-09-01,JFK-LAX,21915,18618,3416,-119,230,3,271.06,5940279.9
2020-09-01,LAX-ORD,19005,15382,3056,567,448,4,405.33,7703296.65
2020-09-01,ATL-DEN,27387,19357,3697,4333,105,27,358.57,9820156.59
2020-09-01,DFW-MIA,5897,4713,875,309,357,31,592.47,3493795.59
2020-09-01,SEA-BOS,27844,19923,2919,5002,429,8,384.34,10701562.96
2020-09-01,SFO-JFK,27841,22754,4877,210,304,32,434.9,12108050.9
2020-09-01,ORD-DFW,25176,17678,3039,4459,53,29,362.64,9129824.64
2020-09-01,LAX-SFO,8163,5952,1543,668,422,17,292.03,2383840.89
2020-09-01,MIA-ORD,22374,17665,3700,1009,301,42,468.34,10478639.16
2020-09-01,DEN-ATL,25029,18107,3689,3233,278,11,299.02,7484171.58
2020-10-01,JFK-LAX,21999,16434,2731,2834,452,2,383.67,8440356.33
2020-10-01,LAX-ORD,11859,9589,2070,200,345,17,471.57,5592348.63
2020-10-01,ATL-DEN,11539,8845,1674,1020,327,32,387.1,4466746.9
2020-10-01,DFW-MIA,19397,15592,2451,1354,175,3,500.01,9698693.97
2020-10-01,SEA-BOS,18440,14370,3366,704,414,46,270.29,4984147.6
2020-10-01,SFO-JFK,24299,20011,2583,1705,446,15,601.91,14625811.09
2020-10-01,ORD-DFW,29031,23634,3448,1949,349,37,561.31,16295390.61
2020-10-01,LAX-SFO,21544,16477,2221,2846,72,22,168.52,3630594.88
2020-10-01,MIA-ORD,25884,21568,4722,-406,325,46,516.77,13376074.68
2020-10-01,DEN-ATL,7103,5186,1075,842,264,29,390.03,2770383.09
2020-11-01,JFK-LAX,9172,7556,1692,-76,340,33,467.19,4285066.68
2020-11-01,LAX-ORD,17031,14392,3110,-471,149,43,663.46,11299387.26
2020-11-01,ATL-DEN,14306,11745,2658,-97,374,27,282.82,4046022.92
2020-11-01,DFW-MIA,27780,20771,5448,1561,468,21,581.06,16141846.8
2020-11-01,SEA-BOS,19282,13537,2082,3663,300,22,157.91,3044820.62
2020-11-01,SFO-JFK,15701,13149,2678,-126,365,32,222.95,3500537.95
2020-11-01,ORD-DFW,8839,7008,1381,450,217,5,625.44,5528264.16
2020-11-01,LAX-SFO,15776,11207,2584,1985,28,43,521.87,8233021.12
2020-11-01,MIA-ORD,5572,4225,684,663,220,23,660.5,3680306.0
2020-11-01,DEN-ATL,10741,8117,1738,886,200,5,697.6,7492921.6
2020-12-01,JFK-LAX,7827,6059,1456,312,179,20,666.96,5220295.92
2020-12-01,LAX-ORD,19026,16027,3487,-488,164,18,210.53,4005543.78
2020-12-01,ATL-DEN,8716,6172,1433,1111,354,41,188.39,1642007.24
2020-12-01,DFW-MIA,5917,4280,967,670,269,1,248.65,1471262.05
2020-12-01,SEA-BOS,14941,11757,2170,1014,439,14,183.33,2739133.53
2020-12-01,SFO-JFK,9529,7783,1533,213,52,15,610.99,5822123.71
2020-12-01,ORD-DFW,6141,4930,1173,38,165,26,371.04,2278556.64
2020-12-01,LAX-SFO,24404,19222,4475,707,331,36,193.21,4715096.84
2020-12-01,MIA-ORD,14802,11677,2005,1120,159,20,167.46,2478742.92
2020-12-01,DEN-ATL,17583,12916,3368,1299,349,16,529.87,9316704.21
2021-01-01,JFK-LAX,27250,19938,5076,2236,248,48,356.49,9714352.5
2021-01-01,LAX-ORD,12382,9199,2232,951,428,20,268.92,3329767.44
2021-01-01,ATL-DEN,21848,17334,4311,203,273,15,616.06,13459678.88
2021-01-01,DFW-MIA,8805,6332,1186,1287,318,12,599.34,5277188.7
2021-01-01,SEA-BOS,8135,6782,1062,291,20,34,189.07,1538084.45
2021-01-01,SFO-JFK,7411,5374,1093,944,59,38,668.31,4952845.41
2021-01-01,ORD-DFW,17851,13669,2730,1452,302,40,212.94,3801191.94
2021-01-01,LAX-SFO,9331,6921,1677,733,119,8,270.84,2527208.04
2021-01-01,MIA-ORD,28095,20212,3530,4353,58,36,520.7,14629066.5
2021-01-01,DEN-ATL,21351,18069,2498,784,13,31,577.24,12324651.24
2021-02-01,JFK-LAX,17453,14480,2015,958,480,22,416.5,7269174.5
2021-02-01,LAX-ORD,28926,23314,4677,935,199,5,413.17,11951355.42
2021-02-01,ATL-DEN,6289,4879,719,691,364,44,300.5,1889844.5
2021-02-01,DFW-MIA,18757,15592,2704,461,232,31,367.64,6895823.48
2021-02-01,SEA-BOS,15345,11390,2092,1863,287,13,340.88,5230803.6
2021-02-01,SFO-JFK,21913,17532,3894,487,408,42,322.63,7069791.19
2021-02-01,ORD-DFW,28358,20388,4431,3539,41,9,667.23,18921308.34
2021-02-01,LAX-SFO,12124,9376,2111,637,456,12,415.75,5040553.0
2021-02-01,MIA-ORD,22618,18065,2526,2027,57,18,217.78,4925748.04
2021-02-01,DEN-ATL,16971,12939,2569,1463,497,13,639.44,10851936.24
2021-03-01,JFK-LAX,7032,5107,1102,823,197,26,628.28,4418064.96
2021-03-01,LAX-ORD,25789,18941,4004,2844,290,13,513.92,13253482.88
2021-03-01,ATL-DEN,19821,14266,3676,1879,62,30,619.84,12285848.64
2021-03-01,DFW-MIA,23050,16767,4208,2075,415,32,659.92,15211156.0
2021-03-01,SEA-BOS,11855,9292,1625,938,15,14,289.04,3426569.2
2021-03-01,SFO-JFK,25866,21574,3459,833,324,31,465.27,12034673.82
2021-03-01,ORD-DFW,17100,12419,2860,1821,434,31,270.01,4617171.0
2021-03-01,LAX-SFO,16001,12453,2542,1006,397,13,492.91,7887052.91
2021-03-01,MIA-ORD,7985,6538,1299,148,214,17,233.63,1865535.55
2021-03-01,DEN-ATL,17768,13915,2131,1722,417,8,656.41,11663092.88
2021-04-01,JFK-LAX,25588,21537,4119,-68,324,26,582.2,14897333.6
2021-04-01,LAX-ORD,26260,20225,3850,2185,482,16,488.39,12825121.4
2021-04-01,ATL-DEN,15997,12229,2554,1214,368,13,573.2,9169480.4
2021-04-01,DFW-MIA,6756,5446,996,314,180,21,569.59,3848150.04
2021-04-01,SEA-BOS,23031,17297,3479,2255,125,15,650.83,14989265.73
2021-04-01,SFO-JFK,24145,19703,2712,1730,393,30,453.14,10941065.3
2021-04-01,ORD-DFW,7696,6355,893,448,236,11,396.97,3055081.12
2021-04-01,LAX-SFO,8871,6275,1529,1067,471,8,304.58,2701929.18
2021-04-01,MIA-ORD,20549,16528,3309,712,51,11,462.66,9507200.34
2021-04-01,DEN-ATL,20198,16479,2498,1221,230,21,461.18,9314913.64
2021-05-01,JFK-LAX,14783,11206,1576,2001,430,45,604.77,8940314.91
2021-05-01,LAX-ORD,9917,7072,1272,1573,380,11,310.88,3082996.96
2021-05-01,ATL-DEN,28666,21329,2985,4352,368,28,478.51,13716967.66
2021-05-01,DFW-MIA,14221,11402,1873,946,459,38,670.94,9541437.74
2021-05-01,SEA-BOS,28922,22442,3905,2575,186,43,336.87,9742954.14
2021-05-01,SFO-JFK,5307,4254,818,235,237,46,586.96,3114996.72
2021-05-01,ORD-DFW,27253,19399,3932,3922,394,42,338.86,9234951.58
2021-05-01,LAX-SFO,15848,13317,1879,652,217,4,259.17,4107326.16
2021-05-01,MIA-ORD,16151,13026,2055,1070,384,14,396.83,6409201.33
2021-05-01,DEN-ATL,12678,9828,1580,1270,127,42,647.62,8210526.36
2021-06-01,JFK-LAX,14107,11470,2225,412,332,24,599.57,8458133.99
2021-06-01,LAX-ORD,24738,17522,2490,4726,469,41,514.94,12738585.72
2021-06-01,ATL-DEN,20641,16669,3831,141,443,20,566.61,11695397.01
2021-06-01,DFW-MIA,28683,21428,4850,2405,138,25,551.34,15814085.22
2021-06-01,SEA-BOS,25354,19048,3625,2681,442,22,245.34,6220350.36
2021-06-01,SFO-JFK,7044,5492,907,645,152,46,477.85,3365975.4
2021-06-01,ORD-DFW,28576,20707,3190,4679,398,6,646.33,18469526.08
2021-06-01,LAX-SFO,12279,8996,1246,2037,100,18,208.22,2556733.38
2021-06-01,MIA-ORD,18026,14150,2986,890,460,40,369.74,6664933.24
2021-06-01,DEN-ATL,25824,21728,2796,1300,212,5,204.31,5276101.44
2021-07-01,JFK-LAX,6716,5168,751,797,246,38,268.08,1800425.28
2021-07-01,LAX-ORD,21968,18329,3917,-278,369,30,624.91,13728022.88
2021-07-01,ATL-DEN,11251,8049,1319,1883,388,8,313.0,3521563.0
2021-07-01,DFW-MIA,28420,23384,5637,-601,466,39,683.35,19420807.0
2021-07-01,SEA-BOS,27484,20228,3145,4111,40,25,530.61,14583285.24
2021-07-01,SFO-JFK,26942,19741,5359,1842,394,1,225.84,6084581.28
2021-07-01,ORD-DFW,20849,15717,3801,1331,218,22,412.54,8601046.46
2021-07-01,LAX-SFO,23412,19176,2711,1525,282,17,456.52,10688046.24
2021-07-01,MIA-ORD,13848,11427,1881,540,438,6,461.13,6385728.24
2021-07-01,DEN-ATL,12693,9610,2295,788,319,27,579.83,7359782.19
2021-08-01,JFK-LAX,7462,5562,1442,458,15,5,663.56,4951484.72
2021-08-01,LAX-ORD,29368,22411,4703,2254,312,5,321.49,9441518.32
2021-08-01,ATL-DEN,9485,6868,1571,1046,155,4,459.2,4355512.0
2021-08-01,DFW-MIA,9621,7953,1177,491,53,15,487.04,4685811.84
2021-08-01,SEA-BOS,29042,20521,4917,3604,428,19,277.31,8053637.02
2021-08-01,SFO-JFK,14890,11323,2730,837,369,24,486.51,7244133.9
2021-08-01,ORD-DFW,19698,16631,2844,223,173,13,442.41,8714592.18
2021-08-01,LAX-SFO,14343,11456,1534,1353,248,4,455.98,6540121.14
2021-08-01,MIA-ORD,19031,15683,1982,1366,438,26,242.51,4615207.81
2021-08-01,DEN-ATL,23668,19088,2593,1987,145,24,682.77,16159800.36
2021-09-01,JFK-LAX,19536,14592,3587,1357,80,44,654.03,12777130.08
2021-09-01,LAX-ORD,6001,4485,771,745,295,10,323.15,1939223.15
2021-09-01,ATL-DEN,10316,8429,1442,445,107,43,641.48,6617507.68
2021-09-01,DFW-MIA,24094,19876,3711,507,131,46,209.19,5040223.86
2021-09-01,SEA-BOS,8164,6835,1021,308,155,15,416.21,3397938.44
2021-09-01,SFO-JFK,21991,16298,4181,1512,15,48,636.4,13995072.4
2021-09-01,ORD-DFW,17734,13137,1784,2813,410,32,681.16,12079691.44
2021-09-01,LAX-SFO,16088,13019,2165,904,223,6,392.32,6311644.16
2021-09-01,MIA-ORD,22600,17176,4030,1394,276,13,694.68,15699768.0
2021-09-01,DEN-ATL,27018,22955,3218,845,279,33,387.04,10457046.72
2021-10-01,JFK-LAX,19586,16467,2313,806,92,47,380.92,7460699.12
2021-10-01,LAX-ORD,7931,6201,1123,607,421,34,244.02,1935322.62
2021-10-01,ATL-DEN,7415,5682,1332,401,499,46,366.21,2715447.15
2021-10-01,DFW-MIA,17662,14495,1858,1309,364,48,239.66,4232874.92
2021-10-01,SEA-BOS,15338,11277,2807,1254,223,45,317.53,4870275.14
2021-10-01,SFO-JFK,25176,18497,4703,1976,341,42,659.8,16611124.8
2021-10-01,ORD-DFW,10450,7973,1055,1422,492,26,670.72,7009024.0
2021-10-01,LAX-SFO,18675,13951,2330,2394,307,12,350.26,6541105.5
2021-10-01,MIA-ORD,10877,8501,1387,989,292,15,299.32,3255703.64
2021-10-01,DEN-ATL,23286,18092,2781,2413,389,12,375.77,8750180.22
2021-11-01,JFK-LAX,5016,3678,660,678,301,21,198.18,994070.88
2021-11-01,LAX-ORD,21473,15338,3113,3022,358,47,628.88,13503940.24
2021-11-01,ATL-DEN,27927,20939,4643,2345,189,37,550.14,15363759.78
2021-11-01,DFW-MIA,8982,6819,1374,789,284,13,464.6,4173037.2
2021-11-01,SEA-BOS,25543,19015,4880,1648,294,20,553.65,14141881.95
2021-11-01,SFO-JFK,9926,7485,1398,1043,281,18,181.17,1798293.42
2021-11-01,ORD-DFW,25323,19947,3387,1989,43,13,285.59,7231995.57
2021-11-01,LAX-SFO,23293,17212,4393,1688,445,47,313.51,7302588.43
2021-11-01,MIA-ORD,29294,20994,4827,3473,125,47,584.79,17130838.26
2021-11-01,DEN-ATL,13339,10684,2433,222,347,5,235.97,3147603.83
2021-12-01,JFK-LAX,28165,21976,3047,3142,333,29,694.37,19556931.05
2021-12-01,LAX-ORD,27313,20940,4109,2264,77,19,242.98,6636512.74
2021-12-01,ATL-DEN,17450,13727,3256,467,348,31,407.22,7105989.0
2021-12-01,DFW-MIA,27337,20917,3954,2466,203,24,460.33,12584041.21
2021-12-01,SEA-BOS,21527,17151,2203,2173,424,43,303.42,6531722.34
2021-12-01,SFO-JFK,10002,7835,1779,388,419,47,600.11,6002300.22
2021-12-01,ORD-DFW,7654,5898,1142,614,489,1,508.65,3893207.1
2021-12-01,LAX-SFO,26684,21742,3343,1599,289,4,206.56,5511847.04
2021-12-01,MIA-ORD,11553,8585,1263,1705,340,45,224.29,2591222.37
2021-12-01,DEN-ATL,21578,17294,3440,844,459,49,525.39,11336865.42
2022-01-01,JFK-LAX,20675,14476,2849,3350,293,25,160.11,3310274.25
2022-01-01,LAX-ORD,9873,7936,1217,720,342,41,508.73,5022691.29
2022-01-01,ATL-DEN,23734,16827,2684,4223,31,20,535.76,12715727.84
2022-01-01,DFW-MIA,27056,22985,3201,870,98,2,376.26,10180090.56
2022-01-01,SEA-BOS,28624,22034,2901,3689,361,34,613.11,17549660.64
2022-01-01,SFO-JFK,12206,9700,1741,765,133,36,246.06,3003408.36
2022-01-01,ORD-DFW,18210,14477,3287,446,203,29,593.29,10803810.9
2022-01-01,LAX-SFO,7172,5046,977,1149,119,14,611.9,4388546.8
2022-01-01,MIA-ORD,8981,7364,1673,-56,159,6,543.1,4877581.1
2022-01-01,DEN-ATL,18731,15153,3343,235,454,36,483.01,9047260.31
2022-02-01,JFK-LAX,14311,11469,2403,439,27,38,312.7,4475049.7
2022-02-01,LAX-ORD,13044,9662,1588,1794,461,21,498.54,6502955.76
2022-02-01,ATL-DEN,10581,8108,1103,1370,405,16,646.49,6840510.69
2022-02-01,DFW-MIA,29150,22838,3914,2398,297,15,201.93,5886259.5
2022-02-01,SEA-BOS,11638,9017,1534,1087,292,23,550.92,6411606.96
2022-02-01,SFO-JFK,27394,20403,5180,1811,254,31,327.5,8971535.0
2022-02-01,ORD-DFW,25955,19159,2628,4168,480,32,618.13,16043564.15
2022-02-01,LAX-SFO,27778,22876,5274,-372,294,6,596.74,16576243.72
2022-02-01,MIA-ORD,12774,9669,2052,1053,228,25,364.44,4655356.56
2022-02-01,DEN-ATL,19166,13649,3506,2011,63,24,372.6,7141251.6
2022-03-01,JFK-LAX,19389,16113,3869,-593,55,3,596.86,11572518.54
2022-03-01,LAX-ORD,28988,21621,4066,3301,422,20,525.21,15224787.48
2022-03-01,ATL-DEN,7076,5690,965,421,197,35,516.64,3655744.64
2022-03-01,DFW-MIA,12531,10075,2131,325,82,39,630.07,7895407.17
2022-03-01,SEA-BOS,25469,21628,2782,1059,180,13,520.54,13257633.26
2022-03-01,SFO-JFK,24896,18489,3592,2815,446,45,617.48,15372782.08
2022-03-01,ORD-DFW,15450,11338,2396,1716,355,48,305.24,4715958.0
2022-03-01,LAX-SFO,17182,13536,2648,998,29,19,607.83,10443735.06
2022-03-01,MIA-ORD,11578,9121,1788,669,471,11,500.78,5798030.84
2022-03-01,DEN-ATL,20882,14747,3128,3007,457,6,288.77,6030095.14
2022-04-01,JFK-LAX,9837,7849,1135,853,364,40,449.62,4422911.94
2022-04-01,LAX-ORD,25341,21135,2723,1483,368,4,254.46,6448270.86
2022-04-01,ATL-DEN,12833,10466,1716,651,60,37,161.51,2072657.83
2022-04-01,DFW-MIA,5599,4695,1105,-201,390,4,367.77,2059144.23
2022-04-01,SEA-BOS,27832,22305,3638,1889,357,41,287.98,8015059.36
2022-04-01,SFO-JFK,13982,10454,2208,1320,322,26,598.67,8370603.94
2022-04-01,ORD-DFW,18778,13360,2189,3229,44,30,424.62,7973514.36
2022-04-01,LAX-SFO,18007,12913,3495,1599,182,15,398.65,7178490.55
2022-04-01,MIA-ORD,20576,15683,2854,2039,56,38,400.46,8239864.96
2022-04-01,DEN-ATL,27744,23334,4574,-164,219,49,233.29,6472397.76
2022-05-01,JFK-LAX,22848,18056,3613,1179,239,27,335.95,7675785.6
2022-05-01,LAX-ORD,7560,5476,1266,818,13,17,490.98,3711808.8
2022-05-01,ATL-DEN,13693,9705,2125,1863,487,9,204.23,2796521.39
2022-05-01,DFW-MIA,22303,18298,3435,570,132,43,461.22,10286589.66
2022-05-01,SEA-BOS,21017,15254,3948,1815,364,47,628.47,13208553.99
2022-05-01,SFO-JFK,16294,12861,1760,1673,313,46,565.32,9211324.08
2022-05-01,ORD-DFW,20848,17184,2251,1413,212,2,496.55,10352074.4
2022-05-01,LAX-SFO,11365,8568,1485,1312,264,7,523.17,5945827.05
2022-05-01,MIA-ORD,15622,12986,3079,-443,246,6,547.14,8547421.08
2022-05-01,DEN-ATL,14927,12243,2193,491,411,31,697.6,10413075.2
2022-06-01,JFK-LAX,18853,15098,2792,963,238,12,672.79,12684109.87
2022-06-01,LAX-ORD,13346,10026,2500,820,341,29,304.18,4059586.28
2022-06-01,ATL-DEN,6725,5062,1082,581,496,44,180.01,1210567.25
2022-06-01,DFW-MIA,23690,17255,3457,2978,431,37,648.05,15352304.5
2022-06-01,SEA-BOS,20966,17256,3829,-119,219,4,344.21,7216706.86
2022-06-01,SFO-JFK,11748,8343,1431,1974,392,6,406.36,4773917.28
2022-06-01,ORD-DFW,28030,22137,3963,1930,153,31,447.61,12546508.3
2022-06-01,LAX-SFO,14627,11149,1483,1995,442,9,161.56,2363138.12
2022-06-01,MIA-ORD,11559,9521,2066,-28,62,32,610.48,7056538.32
2022-06-01,DEN-ATL,17070,12906,2774,1390,132,47,228.63,3902714.1
2022-07-01,JFK-LAX,7395,5447,1181,767,405,47,620.14,4585935.3
2022-07-01,LAX-ORD,16410,13661,2085,664,131,20,410.94,6743525.4
2022-07-01,ATL-DEN,14906,10572,1596,2738,352,16,461.31,6876286.86
2022-07-01,DFW-MIA,24951,18221,3139,3591,336,15,577.8,14416687.8
2022-07-01,SEA-BOS,25705,18707,3961,3037,494,44,175.07,4500174.35
2022-07-01,SFO-JFK,14706,11593,2138,975,378,25,665.31,9784048.86
2022-07-01,ORD-DFW,6689,5441,1124,124,429,23,694.23,4643704.47
2022-07-01,LAX-SFO,19318,15634,2022,1662,199,13,200.13,3866111.34
2022-07-01,MIA-ORD,23203,16509,2330,4364,450,28,503.0,11671109.0
2022-07-01,DEN-ATL,18983,14682,2686,1615,477,28,334.45,6348864.35
2022-08-01,JFK-LAX,22197,18829,2311,1057,419,8,452.43,10042588.71
2022-08-01,LAX-ORD,10911,8153,1520,1238,278,5,203.33,2218533.63
2022-08-01,ATL-DEN,6141,4867,741,533,467,45,411.3,2525793.3
2022-08-01,DFW-MIA,15046,12296,2162,588,120,11,614.07,9239297.22
2022-08-01,SEA-BOS,14190,10445,2659,1086,383,45,273.56,3881816.4
2022-08-01,SFO-JFK,15472,12294,2691,487,223,23,159.17,2462678.24
2022-08-01,ORD-DFW,16538,12405,2862,1271,357,33,607.94,10054111.72
2022-08-01,LAX-SFO,24322,17273,2872,4177,46,26,639.58,15555864.76
2022-08-01,MIA-ORD,5126,3907,793,426,342,23,462.7,2371800.2
2022-08-01,DEN-ATL,19997,14403,3350,2244,453,45,223.16,4462530.52
2022-09-01,JFK-LAX,14654,12344,2754,-444,241,21,695.34,10189512.36
2022-09-01,LAX-ORD,15304,11526,1993,1785,352,43,535.4,8193761.6
2022-09-01,ATL-DEN,6375,4804,1016,555,352,15,238.8,1522350.0
2022-09-01,DFW-MIA,26398,19725,3232,3441,97,47,163.86,4325576.28
2022-09-01,SEA-BOS,22065,17011,2302,2752,356,6,331.81,7321387.65
2022-09-01,SFO-JFK,9340,7332,1677,331,99,40,485.56,4535130.4
2022-09-01,ORD-DFW,18900,14478,2489,1933,255,28,479.61,9064629.0
2022-09-01,LAX-SFO,28464,20705,3754,4005,306,6,649.41,18484806.24
2022-09-01,MIA-ORD,12164,9855,1245,1064,151,2,667.81,8123240.84
2022-09-01,DEN-ATL,10622,8349,1126,1147,28,18,542.93,5767002.46
2022-10-01,JFK-LAX,12036,8651,1508,1877,10,36,301.55,3629455.8
2022-10-01,LAX-ORD,9603,6897,1525,1181,409,34,494.83,4751852.49
2022-10-01,ATL-DEN,9818,7773,1272,773,338,1,330.08,3240725.44
2022-10-01,DFW-MIA,9576,7089,1147,1340,448,18,318.53,3050243.28
2022-10-01,SEA-BOS,21252,16770,3378,1104,79,32,607.35,12907402.2
2022-10-01,SFO-JFK,22898,16330,2683,3885,39,18,305.81,7002437.38
2022-10-01,ORD-DFW,9476,7787,960,729,200,40,517.88,4907430.88
2022-10-01,LAX-SFO,18448,13725,2335,2388,152,35,456.57,8422803.36
2022-10-01,MIA-ORD,8332,6538,1385,409,267,29,662.46,5519616.72
2022-10-01,DEN-ATL,10033,8130,1212,691,114,8,501.17,5028238.61
2022-11-01,JFK-LAX,17478,12840,3316,1322,126,11,271.36,4742830.08
2022-11-01,LAX-ORD,16772,11802,2028,2942,150,12,346.11,5804956.92
2022-11-01,ATL-DEN,29059,23645,5114,300,139,23,491.2,14273780.8
2022-11-01,DFW-MIA,18798,13394,2605,2799,483,5,571.22,10737793.56
2022-11-01,SEA-BOS,27616,19960,3668,3988,192,17,250.35,6913665.6
2022-11-01,SFO-JFK,8084,6178,1319,587,384,6,351.83,2844193.72
2022-11-01,ORD-DFW,16362,12502,2691,1169,201,5,277.72,4544054.64
2022-11-01,LAX-SFO,12099,8957,1450,1692,153,24,603.87,7306223.13
2022-11-01,MIA-ORD,25696,19234,4535,1927,279,49,511.74,13149671.04
2022-11-01,DEN-ATL,27115,20512,3631,2972,482,16,417.4,11317801.0
2022-12-01,JFK-LAX,25711,21130,2782,1799,89,19,631.52,16237010.72
2022-12-01,LAX-ORD,23604,19563,4383,-342,43,36,230.68,5444970.72
2022-12-01,ATL-DEN,22297,18768,3751,-222,418,17,518.15,11553190.55
2022-12-01,DFW-MIA,15570,12091,1743,1736,491,28,591.32,9206852.4
2022-12-01,SEA-BOS,26692,19234,5211,2247,30,39,563.5,15040942.0
2022-12-01,SFO-JFK,18639,15483,2403,753,223,7,222.43,4145872.77
2022-12-01,ORD-DFW,8968,7081,970,917,205,35,630.17,5651364.56
2022-12-01,LAX-SFO,25213,18810,4688,1715,10,27,269.74,6800954.62
2022-12-01,MIA-ORD,14158,10724,1654,1780,340,42,451.9,6398000.2
2022-12-01,DEN-ATL,13881,10553,2190,1138,196,17,403.49,5600844.69
2023-01-01,JFK-LAX,22796,19312,4405,-921,184,35,611.37,13936790.52
2023-01-01,LAX-ORD,5446,4388,1046,12,104,17,317.33,1728179.18
2023-01-01,ATL-DEN,16891,12108,2377,2406,215,15,189.0,3192399.0
2023-01-01,DFW-MIA,20386,16347,3325,714,273,15,286.84,5847520.24
2023-01-01,SEA-BOS,19894,16502,2252,1140,497,32,470.45,9359132.3
2023-01-01,SFO-JFK,20581,17220,2514,847,43,15,346.46,7130493.26
2023-01-01,ORD-DFW,20708,16112,2983,1613,486,31,217.04,4494464.32
2023-01-01,LAX-SFO,26029,18466,3635,3928,395,17,398.2,10364747.8
2023-01-01,MIA-ORD,20960,16543,2966,1451,94,22,257.64,5400134.4
2023-01-01,DEN-ATL,12951,10723,2167,61,436,17,302.28,3914828.28
2023-02-01,JFK-LAX,23934,19453,3620,861,491,30,477.83,11436383.22
2023-02-01,LAX-ORD,21344,16334,4099,911,25,41,463.92,9901908.48
2023-02-01,ATL-DEN,11852,9828,1310,714,372,36,432.14,5121723.28
2023-02-01,DFW-MIA,29277,23753,3419,2105,431,46,631.91,18500429.07
2023-02-01,SEA-BOS,28488,20932,4858,2698,141,4,283.2,8067801.6
2023-02-01,SFO-JFK,28834,21804,4674,2356,293,42,210.83,6079072.22
2023-02-01,ORD-DFW,12867,10926,1586,355,96,42,300.98,3872709.66
2023-02-01,LAX-SFO,19348,13779,2809,2760,122,37,527.58,10207617.84
2023-02-01,MIA-ORD,9284,7207,1728,349,416,30,577.93,5365502.12
2023-02-01,DEN-ATL,14017,9891,2534,1592,155,42,459.34,6438568.78
2023-03-01,JFK-LAX,19917,14684,3064,2169,314,43,296.89,5913158.13
2023-03-01,LAX-ORD,7521,5654,757,1110,341,42,279.11,2099186.31
2023-03-01,ATL-DEN,16461,12355,3008,1098,431,8,319.3,5255997.3
2023-03-01,DFW-MIA,5240,3775,805,660,464,19,385.49,2019967.6
2023-03-01,SEA-BOS,8768,6520,1242,1006,295,29,631.75,5539184.0
2023-03-01,SFO-JFK,16475,13528,2862,85,51,34,612.0,10082700.0
2023-03-01,ORD-DFW,28709,20355,3725,4629,282,38,326.22,9365449.98
2023-03-01,LAX-SFO,18272,15104,3500,-332,460,19,329.46,6019893.12
2023-03-01,MIA-ORD,29354,23898,3060,2396,350,29,215.26,6318742.04
2023-03-01,DEN-ATL,11464,9667,1429,368,446,16,242.85,2784032.4
2023-04-01,JFK-LAX,5060,3908,613,539,485,1,610.03,3086751.8
2023-04-01,LAX-ORD,10823,9052,1969,-198,32,7,259.57,2809326.11
2023-04-01,ATL-DEN,24782,19219,4655,908,461,14,449.51,11139756.82
2023-04-01,DFW-MIA,29902,23587,5086,1229,443,17,426.84,12763369.68
2023-04-01,SEA-BOS,6861,5476,968,417,138,47,450.87,3093419.07
2023-04-01,SFO-JFK,29465,21600,3494,4371,32,26,265.44,7821189.6
2023-04-01,ORD-DFW,8918,7518,1206,194,472,36,248.5,2216123.0
2023-04-01,LAX-SFO,10338,8706,1179,453,64,33,429.48,4439964.24
2023-04-01,MIA-ORD,13997,10599,2484,914,163,35,495.22,6931594.34
2023-04-01,DEN-ATL,7460,5385,1445,630,160,7,638.11,4760300.6
2023-05-01,JFK-LAX,27814,22841,2973,2000,10,14,519.27,14442975.78
2023-05-01,LAX-ORD,7565,5699,868,998,235,30,597.91,4523189.15
2023-05-01,ATL-DEN,27653,20360,3943,3350,124,47,314.94,8709035.82
2023-05-01,DFW-MIA,19271,16186,3057,28,41,15,567.62,10938605.02
2023-05-01,SEA-BOS,21667,15830,3182,2655,451,2,358.02,7757219.34
2023-05-01,SFO-JFK,27641,23012,3711,918,224,22,189.75,5244879.75
2023-05-01,ORD-DFW,18273,13657,1929,2687,110,48,282.44,5161026.12
2023-05-01,LAX-SFO,24621,17981,3805,2835,375,33,199.37,4908688.77
2023-05-01,MIA-ORD,9920,6952,1471,1497,327,24,319.22,3166662.4
2023-05-01,DEN-ATL,20696,14833,3250,2613,103,40,543.08,11239583.68
2023-06-01,JFK-LAX,6364,4976,1199,189,161,10,444.01,2825679.64
2023-06-01,LAX-ORD,7321,5925,952,444,54,18,260.7,1908584.7
2023-06-01,ATL-DEN,8085,6580,1082,423,347,20,470.72,3805771.2
2023-06-01,DFW-MIA,9654,8033,1013,608,88,27,405.77,3917303.58
2023-06-01,SEA-BOS,22380,18595,2432,1353,35,25,530.28,11867666.4
2023-06-01,SFO-JFK,12853,10850,1857,146,190,3,343.41,4413848.73
2023-06-01,ORD-DFW,16049,12566,2085,1398,85,49,321.71,5163123.79
2023-06-01,LAX-SFO,10994,9008,2015,-29,209,36,667.55,7339044.7
2023-06-01,MIA-ORD,19086,14331,2948,1807,417,1,178.19,3400934.34
2023-06-01,DEN-ATL,28817,20442,3998,4377,209,29,405.31,11679818.27
2023-07-01,JFK-LAX,16397,13039,1945,1413,242,14,450.13,7380781.61
2023-07-01,LAX-ORD,9185,7251,1363,571,130,45,359.27,3299894.95
2023-07-01,ATL-DEN,8010,6769,1373,-132,468,2,384.91,3083129.1
2023-07-01,DFW-MIA,16549,12328,3247,974,426,13,490.06,8110002.94
2023-07-01,SEA-BOS,7941,6090,892,959,421,48,150.52,1195279.32
2023-07-01,SFO-JFK,22985,16165,3121,3699,214,23,363.23,8348841.55
2023-07-01,ORD-DFW,11447,8958,1320,1169,196,46,480.14,5496162.58
2023-07-01,LAX-SFO,20627,16607,3827,193,87,16,320.18,6604352.86
2023-07-01,MIA-ORD,16819,13409,1797,1613,201,36,215.66,3627185.54
2023-07-01,DEN-ATL,5523,4563,891,69,382,40,410.39,2266583.97
2023-08-01,JFK-LAX,12727,10023,1536,1168,62,43,196.35,2498946.45
2023-08-01,LAX-ORD,16332,11877,2336,2119,387,5,538.63,8796905.16
2023-08-01,ATL-DEN,8364,6004,953,1407,463,17,434.94,3637838.16
2023-08-01,DFW-MIA,6172,5094,1051,27,115,24,556.31,3433545.32
2023-08-01,SEA-BOS,9726,8198,1672,-144,149,38,440.17,4281093.42
2023-08-01,SFO-JFK,8309,6479,1513,317,410,17,585.54,4865251.86
2023-08-01,ORD-DFW,16998,13256,2659,1083,13,42,241.44,4103997.12
2023-08-01,LAX-SFO,10204,8087,2010,107,206,19,657.43,6708415.72
2023-08-01,MIA-ORD,26584,21484,3146,1954,134,11,492.86,13102190.24
2023-08-01,DEN-ATL,11795,9123,1803,869,148,36,258.66,3050894.7
2023-09-01,JFK-LAX,14327,10428,1554,2345,469,14,620.8,8894201.6
2023-09-01,LAX-ORD,28508,23398,3240,1870,487,39,641.37,18284175.96
2023-09-01,ATL-DEN,11998,9302,1593,1103,431,38,170.19,2041939.62
2023-09-01,DFW-MIA,17373,13037,3336,1000,387,6,454.05,7888210.65
2023-09-01,SEA-BOS,13433,9530,1779,2124,129,8,335.5,4506771.5
2023-09-01,SFO-JFK,21453,16993,2652,1808,481,33,386.03,8281501.59
2023-09-01,ORD-DFW,29503,23971,4298,1234,469,48,212.83,6279123.49
2023-09-01,LAX-SFO,27089,21013,4791,1285,41,42,467.24,12657064.36
2023-09-01,MIA-ORD,9938,8137,1393,408,241,23,214.88,2135477.44
2023-09-01,DEN-ATL,7623,5962,1481,180,267,18,205.31,1565078.13
2023-10-01,JFK-LAX,23660,16703,3428,3529,379,18,332.83,7874757.8
2023-10-01,LAX-ORD,23519,18640,4432,447,318,10,372.33,8756829.27
2023-10-01,ATL-DEN,13368,11295,2633,-560,173,33,480.44,6422521.92
2023-10-01,DFW-MIA,27104,20132,4420,2552,238,30,415.11,11251141.44
2023-10-01,SEA-BOS,14494,10722,1695,2077,149,24,380.52,5515256.88
2023-10-01,SFO-JFK,18304,14146,3501,657,14,26,450.52,8246318.08
2023-10-01,ORD-DFW,20372,15230,2486,2656,113,12,648.43,13209815.96
2023-10-01,LAX-SFO,22515,19015,3100,400,479,12,193.84,4364307.6
2023-10-01,MIA-ORD,10092,7660,1867,565,213,16,169.37,1709282.04
2023-10-01,DEN-ATL,13445,10957,1890,598,494,13,506.78,6813657.1
2023-11-01,JFK-LAX,16593,13405,2109,1079,375,15,260.99,4330607.07
2023-11-01,LAX-ORD,28166,22545,3949,1672,364,15,251.22,7075862.52
2023-11-01,ATL-DEN,23260,17583,2812,2865,117,26,669.31,15568150.6
2023-11-01,DFW-MIA,25118,18811,3688,2619,246,49,691.56,17370604.08
2023-11-01,SEA-BOS,23892,17191,2875,3826,198,4,611.23,14603507.16
2023-11-01,SFO-JFK,28348,21195,2859,4294,99,37,316.0,8957968.0
2023-11-01,ORD-DFW,27880,19878,4288,3714,447,28,606.26,16902528.8
2023-11-01,LAX-SFO,29772,25203,3533,1036,112,42,418.46,12458391.12
2023-11-01,MIA-ORD,7637,5459,1091,1087,190,33,268.34,2049312.58
2023-11-01,DEN-ATL,20464,16674,3948,-158,83,43,588.9,12051249.6
2023-12-01,JFK-LAX,28205,21056,3946,3203,191,10,317.47,8954241.35
2023-12-01,LAX-ORD,20198,16086,3469,643,290,23,357.46,7219977.08
2023-12-01,ATL-DEN,25580,19573,4782,1225,155,43,671.23,17170063.4
2023-12-01,DFW-MIA,17278,12804,2752,1722,358,41,223.34,3858868.52
2023-12-01,SEA-BOS,8407,5958,1092,1357,243,1,242.41,2037940.87
2023-12-01,SFO-JFK,29336,22295,3101,3940,428,46,636.39,18669137.04
2023-12-01,ORD-DFW,13102,9204,1754,2144,416,22,192.62,2523707.24
2023-12-01,LAX-SFO,19394,14770,2918,1706,395,49,530.45,10287547.3
2023-12-01,MIA-ORD,21630,17728,3261,641,376,40,320.89,6940850.7
2023-12-01,DEN-ATL,10930,8473,2087,370,389,26,470.14,5138630.2
2024-01-01,JFK-LAX,10580,8777,1541,262,457,30,362.33,3833451.4
2024-01-01,LAX-ORD,8491,6907,1434,150,123,49,211.13,1792704.83
2024-01-01,ATL-DEN,26972,20568,5064,1340,424,23,237.15,6396409.8
2024-01-01,DFW-MIA,16347,11576,3223,1548,174,21,309.98,5067243.06
2024-01-01,SEA-BOS,8057,6654,1330,73,54,18,246.62,1987017.34
2024-01-01,SFO-JFK,5867,4736,1157,-26,309,7,155.25,910851.75
2024-01-01,ORD-DFW,21963,16612,3998,1353,64,10,401.2,8811555.6
2024-01-01,LAX-SFO,17236,12200,2499,2537,19,38,343.54,5921255.44
2024-01-01,MIA-ORD,18439,13046,2022,3371,101,49,305.0,5623895.0
2024-01-01,DEN-ATL,29660,24169,3200,2291,154,5,160.7,4766362.0
2024-02-01,JFK-LAX,25029,19276,4019,1734,175,43,164.91,4127532.39
2024-02-01,LAX-ORD,8555,6709,951,895,106,29,585.6,5009808.0
2024-02-01,ATL-DEN,8875,6847,1232,796,271,1,581.85,5163918.75
2024-02-01,DFW-MIA,15458,12246,2978,234,321,46,429.93,6645857.94
2024-02-01,SEA-BOS,26395,20643,4989,763,14,21,468.91,12376879.45
2024-02-01,SFO-JFK,19021,16031,3468,-478,362,1,473.19,9000546.99
2024-02-01,ORD-DFW,24881,19575,2693,2613,332,25,391.76,9747380.56
2024-02-01,LAX-SFO,5997,4255,644,1098,181,45,628.32,3768035.04
2024-02-01,MIA-ORD,26687,22550,5189,-1052,380,13,340.96,9099199.52
2024-02-01,DEN-ATL,7248,5080,1312,856,220,7,463.6,3360172.8
2024-03-01,JFK-LAX,25009,21110,3845,54,26,27,291.7,7295125.3
2024-03-01,LAX-ORD,5574,4477,974,123,334,39,626.95,3494619.3
2024-03-01,ATL-DEN,13949,10890,2138,921,45,40,243.04,3390164.96
2024-03-01,DFW-MIA,11117,7997,1175,1945,205,24,182.48,2028630.16
2024-03-01,SEA-BOS,23627,18466,4004,1157,155,42,694.66,16412731.82
2024-03-01,SFO-JFK,18521,13995,3282,1244,108,23,361.48,6694971.08
2024-03-01,ORD-DFW,24790,17460,3073,4257,421,24,334.71,8297460.9
2024-03-01,LAX-SFO,21802,17146,2925,1731,85,20,281.06,6127670.12
2024-03-01,MIA-ORD,15672,12734,1937,1001,388,32,506.56,7938808.32
2024-03-01,DEN-ATL,7939,6168,1464,307,425,27,538.83,4277771.37
2024-04-01,JFK-LAX,21378,15411,3354,2613,437,8,470.71,10062838.38
2024-04-01,LAX-ORD,23173,18515,3218,1440,47,9,626.88,14526690.24
2024-04-01,ATL-DEN,12367,10450,2421,-504,398,14,341.43,4222464.81
2024-04-01,DFW-MIA,14219,11739,1881,599,421,12,238.35,3389098.65
2024-04-01,SEA-BOS,24149,19395,3075,1679,413,38,208.53,5035790.97
2024-04-01,SFO-JFK,29014,21990,3926,3098,194,31,420.06,12187620.84
2024-04-01,ORD-DFW,11276,9096,1135,1045,389,12,432.75,4879689.0
2024-04-01,LAX-SFO,17873,13911,2933,1029,26,4,372.81,6663233.13
2024-04-01,MIA-ORD,22886,18937,3160,789,496,34,185.25,4239631.5
2024-04-01,DEN-ATL,24941,21149,3188,604,427,44,527.95,13167600.95
2024-05-01,JFK-LAX,25805,21329,3768,708,460,3,223.58,5769481.9
2024-05-01,LAX-ORD,16826,11961,2017,2848,185,17,491.13,8263753.38
2024-05-01,ATL-DEN,10495,8728,1143,624,97,17,299.13,3139369.35
2024-05-01,DFW-MIA,29274,22297,4988,1989,228,13,351.67,10294787.58
2024-05-01,SEA-BOS,15775,13092,2952,-269,492,3,394.42,6221975.5
2024-05-01,SFO-JFK,5687,4251,720,716,117,25,577.75,3285664.25
2024-05-01,ORD-DFW,8395,6816,850,729,271,17,250.58,2103619.1
2024-05-01,LAX-SFO,26744,18965,4550,3229,258,13,375.05,10030337.2
2024-05-01,MIA-ORD,18107,13152,3379,1576,31,47,225.38,4080955.66
2024-05-01,DEN-ATL,13418,11035,2662,-279,78,20,618.48,8298764.64
2024-06-01,JFK-LAX,6036,4429,1003,604,277,13,653.3,3943318.8
2024-06-01,LAX-ORD,27880,21175,3990,2715,137,45,151.14,4213783.2
2024-06-01,ATL-DEN,25343,19008,4002,2333,336,10,497.45,12606875.35
2024-06-01,DFW-MIA,15401,11807,1581,2013,246,7,313.04,4821129.04
2024-06-01,SEA-BOS,6093,4431,916,746,450,34,291.96,1778912.28
2024-06-01,SFO-JFK,21280,16664,2762,1854,54,11,239.95,5106136.0
2024-06-01,ORD-DFW,8990,6436,1596,958,139,22,495.62,4455623.8
2024-06-01,LAX-SFO,24790,19747,4547,496,174,49,505.52,12531840.8
2024-06-01,MIA-ORD,25245,20726,3160,1359,283,38,196.9,4970740.5
2024-06-01,DEN-ATL,19116,14628,2471,2017,147,15,223.38,4270132.08
2024-07-01,JFK-LAX,7735,6573,943,219,25,38,230.03,1779282.05
2024-07-01,LAX-ORD,19849,15466,2912,1471,324,5,507.26,10068603.74
2024-07-01,ATL-DEN,19516,14039,3400,2077,198,27,323.66,6316548.56
2024-07-01,DFW-MIA,28020,19821,3523,4676,435,47,293.03,8210700.6
2024-07-01,SEA-BOS,15789,11968,2875,946,62,15,399.66,6310231.74
2024-07-01,SFO-JFK,19895,14262,3453,2180,358,39,698.72,13901034.4
2024-07-01,ORD-DFW,12170,9959,1950,261,20,33,699.01,8506951.7
2024-07-01,LAX-SFO,10322,8348,1895,79,232,38,686.58,7086878.76
2024-07-01,MIA-ORD,20523,16896,3378,249,202,35,446.56,9164750.88
2024-07-01,DEN-ATL,24867,21071,4754,-958,495,20,171.97,4276377.99
2024-08-01,JFK-LAX,22458,16047,2390,4021,457,10,180.31,4049401.98
2024-08-01,LAX-ORD,6211,5078,1209,-76,123,12,368.88,2291113.68
2024-08-01,ATL-DEN,5048,3789,966,293,396,10,514.0,2594672.0
2024-08-01,DFW-MIA,19553,15688,3250,615,239,44,181.4,3546914.2
2024-08-01,SEA-BOS,20620,14821,3413,2386,266,16,478.73,9871412.6
2024-08-01,SFO-JFK,9958,8423,1974,-439,244,21,628.14,6255018.12
2024-08-01,ORD-DFW,15394,12672,1916,806,367,46,665.71,10247939.74
2024-08-01,LAX-SFO,9551,7034,1480,1037,329,38,206.03,1967792.53
2024-08-01,MIA-ORD,17658,14032,1809,1817,257,20,432.71,7640793.18
2024-08-01,DEN-ATL,16565,12683,2223,1659,274,15,526.08,8714515.2
2024-09-01,JFK-LAX,25981,18913,3087,3981,383,37,181.35,4711654.35
2024-09-01,LAX-ORD,8815,6335,1344,1136,441,38,261.57,2305739.55
2024-09-01,ATL-DEN,25852,19363,3489,3000,100,24,681.61,17620981.72
2024-09-01,DFW-MIA,22948,18594,3730,624,229,8,557.93,12803377.64
2024-09-01,SEA-BOS,11697,8549,1581,1567,292,46,318.2,3721985.4
2024-09-01,SFO-JFK,19196,15221,2068,1907,435,25,208.11,3994879.56
2024-09-01,ORD-DFW,5066,4003,669,394,62,2,188.94,957170.04
2024-09-01,LAX-SFO,18393,15177,1942,1274,302,20,617.97,11366322.21
2024-09-01,MIA-ORD,14583,10864,1486,2233,260,1,168.16,2452277.28
2024-09-01,DEN-ATL,18036,14193,2103,1740,55,11,269.75,4865211.0
2024-10-01,JFK-LAX,18247,14126,3493,628,458,24,229.33,4184584.51
2024-10-01,LAX-ORD,25002,21162,3055,785,497,16,564.55,14114879.1
2024-10-01,ATL-DEN,20566,14879,3462,2225,276,1,565.16,11623080.56
2024-10-01,DFW-MIA,22987,17635,3230,2122,403,11,310.74,7142980.38
2024-10-01,SEA-BOS,14318,11968,1511,839,464,39,653.41,9355524.38
2024-10-01,SFO-JFK,7096,5920,783,393,88,2,648.84,4604168.64
2024-10-01,ORD-DFW,15694,11510,2425,1759,126,36,254.63,3996163.22
2024-10-01,LAX-SFO,22740,16946,2702,3092,121,30,201.16,4574378.4
2024-10-01,MIA-ORD,7040,5534,1066,440,92,1,208.97,1471148.8
2024-10-01,DEN-ATL,25786,18554,4237,2995,381,37,203.69,5252350.34
2024-11-01,JFK-LAX,10795,7697,1335,1763,475,16,510.7,5513006.5
2024-11-01,LAX-ORD,7113,5701,1196,216,112,47,296.36,2108008.68
2024-11-01,ATL-DEN,26301,19090,3763,3448,197,31,227.33,5979006.33
2024-11-01,DFW-MIA,11622,9864,1352,406,253,48,520.86,6053434.92
2024-11-01,SEA-BOS,28610,22969,3508,2133,451,47,637.87,18249460.7
2024-11-01,SFO-JFK,6537,4680,1164,693,238,18,360.56,2356980.72
2024-11-01,ORD-DFW,25619,19813,3119,2687,21,35,465.39,11922826.41
2024-11-01,LAX-SFO,13697,11511,2658,-472,346,5,631.11,8644313.67
2024-11-01,MIA-ORD,25104,19922,3700,1482,155,9,299.29,7513376.16
2024-11-01,DEN-ATL,14244,11323,2451,470,152,6,545.66,7772381.04
2024-12-01,JFK-LAX,19670,14876,3199,1595,450,49,602.65,11854125.5
2024-12-01,LAX-ORD,5719,4805,1132,-218,123,42,209.1,1195842.9
2024-12-01,ATL-DEN,19033,15928,2240,865,121,25,593.02,11286949.66
2024-12-01,DFW-MIA,20043,15273,3364,1406,61,37,196.18,3932035.74
2024-12-01,SEA-BOS,12265,10048,1392,825,424,45,680.39,8344983.35
2024-12-01,SFO-JFK,14247,11542,2168,537,123,12,579.95,8262547.65
2024-12-01,ORD-DFW,25953,19639,2824,3490,419,2,689.76,17901341.28
2024-12-01,LAX-SFO,26059,19868,3039,3152,309,35,601.47,15673706.73
2024-12-01,MIA-ORD,6468,4666,1072,730,40,44,582.58,3768127.44
2024-12-01,DEN-ATL,15591,12075,2873,643,67,42,539.72,8414774.52
